"","Endothelial","Mural","U1","U2","U4","Microglia","OPC","Astrocyte","oRG","tRG","vRG","RG.div2","RG.div1","IPC.div1","IPC.div2","IPC.nEN1","IPC.nEN2","IPC.nEN3","nEN.early1","EN.V1.1","EN.PFC1","EN.PFC2","EN.PFC3","EN.V1.3","EN.V1.2","Choroid","RG.early","Glyc","MGE.RG1","MGE.RG2","MGE.div","MGE.IPC1","MGE.IPC2","MGE.IPC3","nIN1","nIN2","nIN3","nIN4","nIN5","IN.CTX.MGE1","IN.CTX.MGE2","IN.CTX.CGE1","IN.CTX.CGE2","IN.STR","IPC.nEN1.nEN.late.3","EN.PFC3.EN.V1.2.1","EN.V1.3.EN.V1.2.2","nEN.early1.EN.V1.2.3","EN.PFC2.EN.V1.2.4","EN.V1.1.EN.PFC1.1","EN.PFC2.EN.PFC1.5","Glyc.EN.PFC1.6","IPC.nEN1.EN.PFC1.7","nIN1.nIN3.1","nIN5.nIN3.2","nIN4.nIN2.1","nIN5.nIN2.3","IN.CTX.MGE1.IN.CTX.MGE2.1","IN.CTX.CGE1.IN.CTX.CGE2.1","IN.CTX.MGE1.IN.CTX.CGE2.2","IN.STR.IN.CTX.CGE2.3","nIN5.IN.CTX.CGE2.4","IPC.nEN1.IN.CTX.CGE2.8","MGE.div.MGE.IPC2.1","IPC.div1.IPC.div2.1","MGE.IPC1.MGE.IPC2.2","IPC.div1.MGE.IPC2.3","MGE.RG2.MGE.IPC2.4","RG.early.MGE.IPC2.5","MGE.IPC3.MGE.IPC2.6","IPC.nEN3.MGE.IPC2.7","oRG.tRG.1","vRG.tRG.2","RG.div2.RG.div1.1","vRG.RG.div1.3","MGE.RG1.RG.div1.4","OPC.Astrocyte.1","MGE.RG1.Astrocyte.5","IPC.nEN3.Astrocyte.8","Endothelial.Mural.1","U2.U1.1","Endothelial.U1.2","Choroid.U1.3","Microglia.U1.4","Microglia.U4.5","IPC.nEN3.U4.9","IPC.nEN1.U4.10"
"ExN",-42.3957488665097,-35.5285753765964,-33.44706745804,-65.5374628659635,-34.9300618967571,8.97049577895633,-50.480920740985,-67.186111321618,-78.3472682797775,-78.1661358773065,-75.9042515088536,-87.6598600284877,-82.3282294409049,-56.8151478822464,-67.7475637633356,99.0260480346868,136.882200526045,26.5793887987169,88.2847657371497,-36.0257348926049,-43.4046910282584,-40.4174141225374,31.8630834819886,-54.9288924079778,-21.3473233421568,-27.088070098582,-71.4176866432504,17.4592268728553,-68.5933013199352,-57.1653722057959,-62.6341446729278,-57.7489014177387,-61.6735696908008,31.3130944045627,60.7582662055964,70.1108242536247,49.1989224375892,52.7777819689896,58.7054378336101,42.4785399526909,43.0037853440437,45.2660772189958,29.1867004329836,66.9117295713782,120.48308679994,5.56821720744846,-30.1455653539127,41.4295791731308,-15.4556299321638,-40.2290061609285,-32.5430111034739,5.59882689033109,94.6267995314827,56.3147407053107,58.9684515901819,63.9285902962658,62.7048736647788,43.6273978851987,38.169620191323,43.1268058846564,63.2904073749916,67.6458834836391,86.2775955759584,-62.5150914517637,-63.3034700989131,-61.0093763863461,-62.7950650007283,-66.0264860601336,-69.4386906789211,-16.9869091712516,10.3978253482457,-79.3373309908001,-78.187472103084,-90.6201589044942,-88.2912777573854,-79.3695410405889,-67.712441949588,-77.0225966023507,-46.0768624214338,-43.4286327047705,-50.1864050134646,-55.0932975911887,-43.5857502454342,-9.1864758556963,-32.5868906770658,-34.9655979273343,27.6303292123003
"PgG2M",-2.86454733317938,-1.53877904430285,2.18054689416741,79.5108540468889,-3.28723635570766,-2.58989187820941,-4.16439909078513,7.09386328448278,15.2946655603424,14.7515421256072,17.7817211528954,45.8363075032616,99.9478895972266,103.850688567027,94.3932016014391,14.9320506091529,-15.0821320803673,53.5332479099227,-34.4548060077275,-32.7460885901891,-33.4905300530665,-40.5675311220367,-38.1019550259233,-41.2629686915799,-38.3851408334789,12.10182782907,105.349790418062,-25.1279371549013,29.0675262741406,61.0285808282667,92.3249617380355,102.568136634622,96.9611457231942,16.9687624157776,-31.5754013696698,-32.64802042571,-24.6962190330897,-19.1972415679346,-25.2206088473581,-36.6217586910668,-34.6203334767828,-31.7478058684705,-32.9064008656887,-42.4520385257401,2.59382183277798,-41.0689919391822,-43.6608189037178,-43.4308768367281,-43.6103500732933,-33.4430587277813,-37.4642197394774,-35.5385725451924,-21.8184556160924,-28.5296417426893,-27.0519019789439,-26.7274718993611,-27.4297815166514,-36.0335451991493,-33.3045076547487,-36.3823462826889,-43.2171076590619,-36.7636448796742,-31.5354952945569,96.1371844495124,104.941232779002,103.998833135407,105.044614803636,98.5758651729749,105.425731077571,82.3653328298452,77.5446834021863,15.3900257566884,17.8762848652762,79.7864043051096,51.3651902959861,41.2518455766589,1.28096353904383,18.3952779307483,46.8312323293638,-2.02279344266354,35.6362479175555,14.0835756761767,15.1500702348295,5.27316485714172,1.09461974852352,16.7999534575341,-1.77165784467255
"OPC1",31.1109700156722,34.0075756903497,33.4881523376484,51.480339080171,45.0590529289705,6.54581101806588,100.657095807497,85.478422828096,77.498272831013,76.250634418978,75.1781993544538,82.9754220214591,70.050671746532,47.438404749819,54.1601297606653,-20.4896513812723,-41.9896501796769,23.833624238158,-54.9495300632239,-29.6359449302185,-24.0980316318639,-46.644592592838,-67.737809041052,-43.4450614633058,-55.5709187624178,21.0536876115469,66.919508292104,-12.9017784044717,84.1241505821366,72.4674347362683,56.2187257844427,49.1496284254465,52.7798579527709,-7.74317003421175,-40.6545532820775,-38.5315501332744,-35.4331431876007,-34.7282578657655,-35.185573082278,-40.9412193203331,-36.8131391114182,-39.8548136318951,-39.9346690292937,-51.5246207586947,-31.0036262116128,-66.1932034381504,-54.4925344650069,-61.7634188058351,-55.6644114742342,-27.1528996837008,-37.7574534526343,-24.9654261793287,-33.9216777818425,-38.8382552967105,-37.591375059721,-38.3324102432453,-38.7266554478968,-39.5500087659331,-41.8874949553424,-43.213846188449,-53.1462591917778,-47.3979879655294,-32.1809218405069,54.8050693365994,52.1304366960397,52.9014562926865,53.2629746102648,67.6806852479852,68.5154021200474,43.2638702380285,36.3106612445817,78.0846594302237,77.2754540809815,82.0112052833006,84.9733951822197,89.7796154057968,103.761274125663,106.733137214476,101.251016722843,36.1439070777179,43.6693829937725,44.7716092570103,36.2261206409508,23.2031203376254,46.7210871261711,71.8482722992151,37.4063157457147
"End",135.006041076211,87.2324639148163,63.0883385718703,42.9267380269941,36.4121522545589,53.1414307026218,23.4718311294676,38.345732194663,30.7876471039125,32.5928921263444,22.5873166884769,14.0536279820148,4.79464460511015,-2.47012387046661,-2.56859306191552,-23.0702679430313,-30.2793230277503,-6.31830599777587,-37.5825068711549,-15.2111884766907,-14.3867673998165,-24.3137156176002,-40.5228771236667,-21.9358690682296,-31.6101567095675,55.6731681865235,13.2895462775225,8.90585387073084,39.6916157424009,15.8866324098848,0.257166793803138,0.616565785073979,-2.04364925745365,1.86223791743005,-14.2912810604436,-13.5940031736128,-10.6752687560324,-13.4677513567288,-6.08035588742712,-17.6830977814396,-15.4961089765236,-17.9905658792504,-17.0905946139591,-21.2424756749987,-28.159585221675,-37.0582955516887,-28.7862724401973,-39.588221082709,-30.0590738524158,-14.9812380493328,-19.4726831015584,-8.03197880613154,-27.9701859238311,-12.4413160295176,-9.27900595773883,-13.8034695950009,-11.8408391110636,-16.730282864322,-18.0434837526976,-17.8631214472425,-20.9347214537127,-16.7808420961314,-9.7799340310922,-0.905951961432422,-2.53535478348815,-0.0562258404898326,-1.16917297571035,6.15082734055976,10.2861843169966,8.82180145522309,0.35897073696756,32.6711579461852,27.2090205381862,9.66320085551535,20.6030318888261,33.6329852406659,33.8775717323762,37.2081926486508,30.059388988138,119.546534069351,60.1159566463822,102.283710390551,84.11958790121,74.9606956927193,68.441345285914,66.413793450813,50.0849327044472
"ExDp1",-23.5615746860541,-25.5023097608252,-19.416719758787,-37.0840822649851,-28.2222854670068,-21.7236651397185,0.872213063439894,-44.4354689592302,-57.1323430750895,-61.0195743328035,-57.8420221513262,-64.4974023381273,-53.8203122629789,-38.9070462376548,-45.1676749072616,-36.2015920541427,-27.7281950733551,-68.6839256802858,48.691698851947,112.786275020726,110.091278901934,115.618111858099,48.708732422842,89.3611566278146,59.6468450555414,-15.6943899866095,-52.3458711618889,29.7380889058162,-61.6500300026354,-63.6096604169871,-46.4180636549688,-39.5279622318335,-43.8927568155511,-50.5231441469577,-18.5061234025353,-20.4628418522179,-27.9940990337864,-38.1210014729629,-32.7742945244518,-5.09746103254767,-2.80653755788412,-12.431082757703,0.346797337102338,8.50231951689144,-33.7451072387655,60.3544575905723,82.5832975048518,71.6963223432197,105.451411131141,112.128872918428,114.136780552549,77.3701973448857,27.2648781236557,-23.6894572098334,-28.6303682179483,-29.5262600927828,-28.7941235030935,-4.0091071683099,-5.61645635294248,-4.79135324550263,1.80011013731773,-12.111316972453,-2.02951430849001,-45.2474787288959,-42.7846367351726,-42.7716071906933,-43.3034126185123,-55.7781987535752,-54.9446432775855,-67.0036499295647,-75.6946114318737,-60.2882810039624,-59.800285486406,-63.5243902349224,-67.4668601504815,-66.7986122760492,-26.0208838128966,-52.3149150968615,-73.6349238155585,-26.8206609674187,-29.3930337750131,-32.2017601977245,-26.7935355993554,-28.1754901000529,-39.1776309299946,-60.3266317106537,-46.6873613102391
"Per",81.4695167748944,116.805974016846,83.3029075466621,81.1568366211909,38.4335512176667,35.5433375581021,37.0585264552734,55.4773165788193,44.1335962859516,47.2816619464378,41.2899480371678,36.536373339433,27.1317964089474,13.068748277359,16.1123642037625,-35.7344329488198,-38.6632635976377,4.67489705261317,-53.0655056701907,-26.5751333547209,-22.666774079044,-42.7590543957279,-51.0388232646511,-32.1277496474656,-49.2177505070909,54.9333177479603,34.2978186312512,-0.479764976306076,53.3779853004457,40.3229302560594,17.8038016878577,16.108336015446,14.2375291338915,-0.540618451981978,-24.2705045926771,-24.0801442094986,-19.3385688839182,-17.2505298877235,-15.987268356784,-30.5910709161504,-27.3056051791961,-26.7015751817609,-26.4154341828594,-34.9135300924093,-39.8545862049289,-56.1942507230986,-43.4143751086395,-56.0908321959515,-49.7819986528563,-24.9440309313806,-32.8188205868196,-14.0152958035622,-34.9800797683248,-22.1935096490555,-19.2609381927436,-21.3910403476682,-20.8538000373468,-29.3069231480962,-27.2550283350872,-29.2952449144211,-34.5962160232054,-28.6566770424631,-21.1342599559417,16.1775028472742,15.0896948071958,16.6317424776873,16.3410075475412,29.278379873768,32.8202043200989,21.1623528470977,14.9607535034817,46.1770014123196,43.6865223751951,34.1030642978902,41.9635563987493,51.0921782019036,53.1335714970104,57.9074801657182,51.5448339893011,102.715781340542,88.6556119972979,108.558824255296,89.8721389862246,67.3605089444863,65.1085374936489,65.4110687252254,41.5370906918877
"Mic",74.5662118923749,70.0233038768033,66.6256848208216,52.4857357853048,31.4453499705682,124.137049961188,34.207342440665,54.9877945292959,41.6265538885065,45.3250305248312,35.2394450724152,32.1988812893654,24.35641293052,12.2979366801768,13.8498298002845,-25.5808659059655,-35.1630894363895,6.61819378923975,-47.9897119475892,-24.1817407993821,-21.0280504084839,-37.9444282560152,-48.5903863183748,-33.6019936456078,-49.377957602493,39.3811394746128,32.2160100356488,0.818561800868872,46.7119776652379,33.0440133890879,16.5564507338426,15.3453453969326,13.6608911425631,1.46768379368162,-12.0656577145476,-8.59786730060208,-5.14527201549959,-5.69999149162612,-5.24063287634706,-11.9992572545577,-10.7145374694798,-12.4719893165814,-14.9040051482018,-20.1385768135511,-31.9028579919776,-54.0936385382892,-45.2455164420144,-55.1737448453584,-48.0241167000233,-22.9807947100041,-31.5556128503102,-11.2968803353649,-28.5151920797563,-8.65454752669915,-6.9274720185185,-7.39991119421461,-7.42834639207597,-11.4975119971646,-13.9608629784588,-13.1385571669171,-17.3592785297502,-12.7946743457036,-9.25707757148641,15.1912366757224,13.4049674554391,15.5168172256176,14.7890580906615,25.3311373979486,29.7013431884117,21.8430060697443,16.4573527864104,43.7240742078906,39.042370950062,29.7398259311309,36.2648268155197,43.8104646424649,49.2938810742339,52.4476563608648,52.7579260698722,78.9272397128352,66.4877024635437,91.6034716112349,71.3314082746645,122.100642220177,82.237726978504,81.6761514912043,55.7660364576996
"ExM",-40.1468428186216,-53.90465057159,-56.0612672474255,-67.5903366372146,-71.5545402754018,-41.7022655056818,-45.4552325112384,-74.4402211725044,-80.1095110314349,-90.9386571748745,-83.9359635021896,-88.5346700397791,-68.6386689717056,-55.4164011684681,-65.2455477592538,-41.254468902368,-24.042109005902,-116.554577386529,49.2404588066321,44.5845903477234,29.3338636143157,114.279865467338,123.132225964554,127.315134979066,157.939836811906,-45.7384176059858,-86.8435432482013,-14.0397209658392,-88.7622849181509,-99.5811879819958,-69.4363358482232,-57.523632908554,-65.7066197023346,-91.5134308221297,-72.2366375673603,-68.6296852289264,-71.4950631000286,-64.6511939965172,-71.7274044774761,-52.474142579479,-51.3126020165964,-66.3619079701601,-49.1992932130087,-48.7086892345826,-33.2468428916409,151.462791537831,142.948500971251,105.046381509036,119.840692524652,38.5361983404647,76.1292787512589,17.5589976164482,-18.5211408186939,-74.0593600000071,-74.1070638665627,-68.737187061681,-71.7280553450234,-52.6128928881462,-58.99316014847,-57.8097805209545,-55.8949043034422,-65.5047764377283,-55.1867859666336,-67.6346998082108,-61.2406472390508,-62.871672872,-62.9519780310415,-84.6575171454901,-87.9350431717363,-111.840096460838,-130.93819174855,-85.9602779887175,-85.4296043129262,-80.2000339965789,-86.1389700807487,-89.7348697654724,-63.6572649640639,-79.5257105590029,-123.645127968792,-49.2506196641144,-66.7544437261955,-62.5304249652509,-58.5669704542446,-60.1522809244139,-81.6005033675331,-107.900239389648,-97.5891985252581
"IP",-2.7443201808382,-0.231793612602115,-7.08883803314446,20.763956582291,-0.748394611856437,10.4178707570686,-14.2268086674334,5.05590850832071,15.7703317572817,24.8905582058205,19.0717202185302,30.7143289237707,37.3995358416662,45.3695240638307,49.078062497974,121.557680014668,96.1715580642924,143.861250828803,-0.0925691567980624,-46.8190657666057,-46.1815636282318,-59.3699030365211,-38.7873285060535,-61.8262954272156,-59.2426148475261,6.06119386278475,46.375548141045,-4.54374414991958,24.6089765636714,48.0801821003195,44.1979563050873,40.3870214718992,41.8471206235691,36.7557685063603,-13.5934371768832,-17.3194158122096,-10.6600800911875,-0.200844393429942,-5.78118111933317,-44.185990343049,-45.4520203176254,-21.8831428918742,-45.7145464212925,-14.9642459834467,115.478617781188,-53.1760661373017,-60.9974095421532,-34.1649429481425,-53.5114024129131,-47.0146666185166,-51.32634327048,-25.8340114142393,64.754678861817,-12.4391808411425,-9.05700012258474,-9.51847225674193,-9.76465984154776,-45.3709062904141,-35.2460041244513,-41.4325756540198,-28.0480593330629,-18.0411300927855,37.416158009519,43.2587810073638,48.1231932449902,42.7764628240354,45.9612875322957,49.6898227837667,48.934029068679,52.0824577233697,117.094267741933,20.2832131342811,20.0104517511148,35.1221791056445,28.4775907898316,26.3601341789486,-3.67747836157669,10.7959953078486,58.128212994057,-1.5739801491421,5.13759995208964,1.4327152155242,4.95158262999417,8.98882834822899,6.5643184936436,37.7309668815562,45.5201163637328
"ExDp2",-18.3046700772629,-20.9633677083767,-15.1140595395409,-36.3766710709945,-21.2036532161764,-17.8779022307337,9.668824407193,-40.8878267054217,-52.0544447102581,-57.2855095746386,-53.4179315839971,-56.2682433035343,-50.451250496371,-40.9969168095609,-43.9168453042857,-32.0890277555046,-28.8291271685808,-56.4591350303962,36.236585153945,119.098654850761,128.878427762744,97.7814408238357,34.0401928745437,80.3304220576373,39.4025584107792,-9.77981091466931,-67.7512465718785,27.4899250836645,-58.3641654295798,-68.8888206901264,-48.6083547429973,-42.6029336084598,-45.3721612721336,-45.0720142841237,-18.756267826717,-20.0007170449156,-25.7065729048675,-31.6419194694071,-29.8916867933323,-6.18587737873512,-3.69990314427603,-14.6617366114037,1.04538717868667,5.57236247824018,-30.6489297488272,40.9010544262917,68.491357273918,57.530448635395,87.6527040150384,125.198314281762,116.839732363531,70.0387510240742,22.301980403399,-22.7251352540474,-26.8401245228382,-26.275905286024,-26.3083947535439,-5.01016449334406,-6.07989898124664,-5.51105639946771,-0.196204588784876,-12.959817111435,-3.36565720179873,-47.2445174671244,-43.8277123577693,-46.0967794243925,-45.6990979647446,-61.4721409796214,-67.836110308636,-78.6272481447709,-81.9879098689024,-55.4301702548152,-55.1339601628682,-56.058390322741,-59.4326856667526,-61.9278449759473,-13.3446953827318,-35.8414172365828,-65.2520895409738,-21.4476858585101,-24.8313819387413,-25.2694449325301,-20.2596406999319,-22.9940833830628,-28.9368086804601,-47.6025092500421,-38.9404416052304
"ExM-U",-34.1524678205996,-36.1244814090772,-29.3975458933536,-49.6870009199687,-38.0982660399565,-35.3884288420132,-17.0928634702343,-45.5952161340481,-53.2682704035259,-56.9554375777704,-55.8739518607277,-62.7761408477361,-55.2603305013783,-41.6629466075245,-48.6744780244759,-54.8800048515405,-48.5320121510995,-79.1598914401241,27.3936182522397,89.0570236315627,86.094660443811,116.975297632029,55.9783809667964,133.225846166794,111.191920134862,-29.5189777756074,-68.79219862264,8.64375494031963,-68.3630893359587,-81.231454387364,-52.8602676027577,-43.7202344628057,-48.3629821894629,-74.8197451293386,-41.2549381417271,-40.3755635891728,-48.7094862732411,-47.8212589274266,-49.9521741470066,-23.6005861607602,-18.9776837109958,-35.8756270056722,-17.2187684904328,-13.7673943260691,-55.1131308882607,90.3213049033703,119.497582105182,76.9469148375488,105.954203534427,89.0815001552848,100.930293028869,43.6772902043798,-6.67397371779326,-46.3523425739726,-48.8101049856224,-46.0646764826989,-47.3553479772174,-21.6185126978057,-26.5318475670648,-25.2198414280107,-20.6840808526642,-34.9744797196544,-36.7625099201085,-50.6792266197497,-46.130500061158,-47.5845084864275,-47.6674610266117,-66.2651701177835,-70.0622161916851,-92.9317889314021,-96.4543874068352,-55.9341975289931,-56.4280870057941,-61.8857377135391,-62.4778692255271,-67.5549514128804,-34.7102373816976,-52.1052748753387,-84.6769777206638,-40.1579038373307,-41.2397235464214,-48.0936887599367,-42.8325270511723,-49.1450208825998,-53.0265201142072,-78.7920385347869,-77.9671380760612
"InCGE",-12.6834699536705,-9.63257770653103,-9.95952308795699,-31.5637533646975,17.8139725272483,5.47534435762727,-18.3688532223033,-32.8073810549692,-43.7697073953804,-48.3757270609953,-46.0101285467671,-54.5814391374076,-50.2024185022069,-34.90905420538,-42.9560492503793,-23.5722084102956,-13.8134520721876,-41.5815462597012,-24.538478293693,-22.4025521679715,-20.700655839584,-25.2281180449496,-29.5765899680254,-30.3570131555183,-30.5531011532802,-1.51224308884645,-52.6999898478068,14.0605902366469,-38.3655862456449,-34.6801247030941,-32.097985481325,-32.6281038477515,-25.1633872030997,65.6203143310399,116.778825546595,112.296800801591,112.532995454223,107.057058878956,117.034452184304,119.135820357584,118.509880831726,120.303346777428,126.63320561932,90.0459076669117,-20.2333749189344,-31.865434757009,-32.5820256535277,-33.3520162987439,-29.3091508143093,-21.932356052756,-24.908211253381,-2.14775030255819,-14.0669885450491,116.085768267174,117.607602465854,113.198889833942,116.380678035532,120.340175787615,125.615317054143,126.75897534907,115.30875175325,118.698636162258,76.1090044587548,-28.9359782334333,-40.0254142399863,-32.4036701971707,-36.7065659521179,-39.868507169396,-47.0246038190599,17.1152961884652,-25.7093901775671,-46.6311517258733,-46.8689530608636,-57.9767548193354,-55.6554486308039,-48.1084311360244,-28.3091854661417,-38.4925884217952,-42.0831506580029,-12.1779069789558,-20.5955222697759,-17.7638180904254,-9.2147294344161,-0.953061308333497,11.9690577831967,-4.90761882246822,34.4741046056516
"InMGE",-15.8596449998921,-12.754557947945,-9.73049554483939,-30.5127076988082,12.2364110999865,2.48832905664599,-23.4527134908381,-43.9535592552612,-54.6061208603989,-54.2712202522196,-53.1160077927502,-57.8695573058074,-52.2000693023683,-39.9293154728393,-44.7613932893175,-34.2360440689599,-20.9415238045262,-44.1631670467576,-25.8154402603606,-18.8393196893704,-14.8258601270863,-23.4926014908115,-28.9216071735345,-24.9476736165977,-28.996562715472,-3.951797370576,-56.0889249136712,9.29644225721531,-43.4543290616636,-34.7558930346092,-36.817770599144,-38.3963534685342,-31.7269523531015,79.8156152895136,117.28822020432,122.479506393765,119.793063283878,117.862427357272,116.112187792617,129.938356075454,128.478282626261,117.345067070071,101.984655255081,102.045300250884,-30.3922203965817,-31.4348963519528,-28.9696880266399,-32.3532784402638,-28.3818020395257,-16.8542598838622,-20.8172860149443,-1.39131696257303,-18.2983235568379,120.190878683338,119.591552716327,125.36568926181,123.587573453089,129.872677178055,111.992815571689,124.26228843474,118.686453836395,123.51434506187,74.1349760281075,-34.9175462420675,-43.9221294746532,-38.3406849182335,-41.728718508507,-43.2836590559528,-50.2798575212289,8.33501991908243,-32.1235589776691,-55.1389876097023,-54.6480228489347,-58.5118110313867,-59.6772729827517,-53.2679204403801,-38.8572669673728,-51.7027799692351,-50.0920274525096,-15.6756844372502,-19.6409024770169,-20.387111942115,-10.9275529014879,-3.49728152440774,5.08172258950019,-11.3223246970874,25.272389687992
"oRG1",19.2258577211741,17.1049690833485,18.5509419038314,17.4268943709512,30.1914451741406,1.58310009146157,24.2730002498333,87.9772065176658,115.907028099945,111.526932781311,121.171239913337,110.874477108417,46.5473987764822,9.91974097450373,20.9044859440695,-20.5093564865378,-29.8263173062644,39.380829916402,-44.535781448616,-38.8873629443577,-38.651834936661,-42.1383933502022,-43.560953113442,-39.5278513121885,-41.9033834991757,9.50538044216616,52.0788448554075,-17.6517060108039,94.8694356486501,58.8923929031482,17.4533972252571,12.641631751614,10.7731025041238,-18.3850231120362,-40.5046588087838,-40.1066371342414,-39.9457830734167,-39.7292736920395,-37.8050089638235,-44.0198412315911,-44.7117050917657,-45.34007705382,-47.3769555178205,-43.1263947470192,-26.5964676770712,-45.0362391282595,-43.1380389136871,-48.2859199089197,-45.5936812243935,-39.3593712502892,-42.8260798128698,-33.6269096786179,-38.9516327913662,-40.8070711593705,-39.7200643070411,-40.746309633733,-40.7160608142345,-44.9552129623744,-47.8991059164815,-48.4595003374114,-48.0388198011542,-45.5804663045663,-39.4046453100816,14.0686021410813,15.1571659330508,13.4785529571181,15.0081656975399,36.4553605047481,45.2363604986496,26.8975035232598,39.7273346484243,116.794900191241,120.101287847374,82.2401255150724,114.420907919252,107.394276873196,60.7690685933662,86.9004084766942,87.4387084167023,19.9669826101846,19.5735075481661,24.6930262540958,18.0179940994038,9.69087280844609,29.0372293363666,54.2887918149313,20.9929575174813
"PgS",-4.05044556612471,-2.32219790574451,0.260177672017475,68.1213462425536,1.9167011542689,-2.02752395447142,-2.1511090703699,11.7201715914182,20.6651926631829,23.2120540735563,22.4940752865744,55.0255830272736,88.152875255459,80.1754453536431,92.3447515489276,24.93854419594,-10.1423318359053,53.62342203919,-35.0240166905082,-33.9404190795112,-32.5924107602622,-35.7236098901029,-36.3625887444124,-33.4002862815259,-36.2037450872304,9.86226656398037,86.9776411985478,-23.8380913966003,32.741017186385,76.7890808010271,95.1396157000581,78.668581530849,91.5236341884163,24.4735711945184,-34.604324701013,-36.2238571657522,-28.9851740930366,-23.0093003923891,-29.8280193563368,-35.1476132189459,-34.9220403913605,-33.5723894006389,-33.1777079565591,-42.0559635958563,8.92395613910469,-39.0622070537761,-36.6111468606359,-38.2432263759149,-37.8932713812344,-33.4688257555597,-36.2399574664861,-36.2484006152252,-19.2249200203469,-32.604511952818,-31.7159060976488,-31.451939876798,-32.2121555417878,-35.3892764910847,-34.1984852077067,-36.5416623630418,-42.6158429047534,-39.2979871088497,-32.6991375175526,93.5336117235286,88.3720388741796,86.5946604179563,88.1154103314935,90.1467424723195,90.2104057323629,77.3485753270776,66.6154524044483,22.1430507962265,23.4246481406224,76.982936502502,51.7237080619144,42.1215411687577,4.92623705341221,22.0040238593976,43.5984665454537,-3.19344484080275,33.1003779050802,12.4171581814096,12.1754998408914,3.46465539084427,4.13869996479223,21.7023076164285,4.01040266213768
"vRG1",23.1381550036198,21.8106391693994,26.6459363491285,27.5744565087837,37.1469166113971,6.07891087496325,25.8318272859279,80.6125557579703,91.9590726024596,96.4427103223386,92.5541811087968,100.621299186443,56.4021522442209,14.5393418104388,27.2299890994342,-18.0418217445867,-29.2544172158323,48.584378947479,-51.5711505443005,-35.4161640551547,-35.0807389271443,-40.2690159495272,-38.8968006460698,-37.5227384176028,-40.7652340129753,13.6866477892984,60.7996038247298,-17.8786440528858,96.1513993310415,73.0075340122099,23.9495042488186,18.4492668438677,16.2125810941783,-9.11415491897498,-36.2172452524784,-36.2816126732656,-32.3426977633605,-30.4104557043924,-33.0646878778379,-39.9150915182289,-37.6421152465806,-37.146077348684,-40.2689994056244,-45.4624205949859,-25.700145674552,-41.7869841734942,-40.1935303564067,-49.131925732086,-44.7069930817143,-35.5309324481179,-39.762633148587,-33.8171587294685,-39.611094511521,-34.757191422989,-34.2055436885498,-34.3342976269129,-34.7620625352092,-39.1614559949304,-39.557907237231,-40.9295269728674,-45.9958803090458,-41.6554465066642,-41.5507788816857,20.0566616032975,20.7471087090287,19.5899473090681,21.0385765814473,47.172702400897,56.6429548261283,34.6214538326442,53.1904571589257,95.3894907650057,94.7643493643054,88.1423064026553,101.16601259183,103.064837051054,66.6071393830198,90.2212822095865,90.7496815783367,24.5197562449018,29.3765690014886,30.1420898644495,22.5112901932039,15.1306068446047,36.5754782930141,61.8221480413058,26.6896333765124
"ExN:ExM",-58.1944363313827,-66.4233102636343,-65.660199472307,-93.1888530077357,-83.6095253936707,-21.131125493744,-71.5104425225705,-102.279930437295,-107.312623746387,-112.272300046761,-107.664034215417,-117.498904578607,-102.497394316291,-78.4837779218509,-95.1981690779646,39.8674582818289,81.1485703753244,-61.5099667713297,94.8660952709344,1.72903472875762,-13.2662991021044,56.0513252746669,121.447994758418,52.8704397970318,112.543929435085,-53.6945037220529,-112.8341672195,3.41411907638576,-111.240892121754,-117.824370971328,-97.3879925283451,-80.4799107244663,-93.4101339384344,-48.9443552031639,-11.0998305639122,-3.96290144925796,-20.2798600764657,-10.3636421858445,-6.52500020230682,-8.48153899042724,-7.98848454797338,-15.9803845100613,-14.9268786876744,16.8661252336912,60.2762070309602,127.950082789971,89.9859601507727,110.91625057757,83.0139222667038,-5.04368312574937,31.4114405365625,17.2533480827175,51.2787372128391,-15.8556610097907,-10.6596964635223,-7.72831123573876,-8.97896069197938,-8.50922656801315,-15.8625821708411,-12.0039319763938,5.50576936616205,-0.361065955761937,21.9075413282183,-95.5063657522679,-88.1923761528284,-88.6364823289705,-89.5525503863756,-109.984436229383,-113.392006935535,-102.227943232659,-95.900515267046,-110.767778119981,-109.725272315419,-114.320174959259,-116.259065440645,-116.483915000422,-100.992602820581,-113.704913062824,-127.664562448824,-67.5963605257081,-84.3237752273524,-85.2769734434944,-73.2417998142029,-49.5883912884289,-91.7467945441816,-117.591603465196,-65.7140263712403
"ExN:IP",-16.1103516992921,-13.6427579459401,-24.1829187691162,-4.26648182174693,-28.2698670771399,2.94429526695956,-35.253831086238,-18.0192393350051,-10.9778565456345,-3.7923901177486,-8.22715426406279,1.00725132988553,10.4237942515769,23.9966309451574,25.7578353872719,138.400481332243,128.286881447258,120.819090093016,28.4680166427076,-43.11585366834,-45.5831802185423,-42.7032846049809,-3.47478129622648,-45.1326332818377,-29.3171113041825,-9.03742630437104,17.5606092900491,-3.40435054315892,-4.62023835184863,17.2075270548091,20.0337360096297,18.0622999073037,18.2335785555775,23.4817082094863,-16.916068265503,-19.23133703423,-16.6944277475346,-4.38194331935491,-9.04974702492562,-45.958355217874,-46.3928712551908,-25.9309666709837,-48.3523761834475,-10.875305306903,141.267707416574,-19.68723489458,-36.7724611872168,-4.36020939237474,-31.3410941578268,-44.7623558546358,-42.0304811824212,-20.6848023612848,82.8210864765877,-17.2214616476446,-13.1579699194214,-12.6497767074858,-13.3647311998423,-46.8085365892347,-38.7560951412583,-43.9178838187981,-26.9216578370389,-19.1095386698666,43.6665720366816,19.2406201900373,25.2768460804534,19.1420504382137,22.4704208801551,21.0376042396604,19.7351444707684,27.2628537760262,88.9004897221446,-7.64724088442113,-7.7875549746183,5.70356812639744,-1.28689505075277,-3.74559393498366,-27.4944885535483,-17.1385045632566,28.0828362672706,-15.7603756256538,-16.9704283827541,-18.1712385956206,-15.2385837932012,-5.07167546067102,-20.62453541335,7.16543014915111,31.7462943910966
"ExN:ExM-U",-36.2879866583359,-38.6495089966925,-34.9101920616007,-51.7857459918702,-40.6794214113468,-33.820402552964,-23.8008497583627,-48.7921273591152,-55.2007071655581,-57.9360022967866,-57.2278243890033,-62.7730874701182,-52.7110549394287,-36.6341032140244,-43.0336174437086,-23.774646919403,-21.8000149257104,-53.8733543316789,33.8275413840006,82.8271153271872,79.106404059923,112.058949577293,55.377895660105,130.098427166457,105.121358843715,-31.8848969968638,-64.7947777494795,7.94162328690029,-69.5763654867021,-76.7988172496594,-47.9166615707944,-39.5608128814289,-44.2846724581491,-66.523046681994,-40.0688043970764,-39.8790594205186,-47.1199322842353,-44.9510081276421,-47.4110634335113,-28.1511738077925,-23.9382144726964,-38.7757715773071,-23.1566965564448,-13.8940089528529,-23.8248273164515,87.2294530032715,116.67093548208,79.4523634855281,104.636181684079,82.58507444849,96.8298385739617,40.4124825660952,9.04589221894469,-44.8208622905757,-46.7237812797401,-44.1215565357091,-45.283359640282,-26.4281330298433,-31.2247644165832,-30.0470402956165,-22.6361620170775,-34.7304932714767,-23.44282856984,-46.1708192258853,-40.5958516466887,-43.0768477790188,-42.5433581596366,-60.8757303352169,-65.2432524435649,-84.4690884777354,-75.1163073329538,-57.4617725964083,-57.808057247112,-60.4652422447189,-62.6024731037782,-68.4846739669593,-40.2655625595379,-55.849817808385,-78.0063663027571,-42.8552492807478,-46.3421400226775,-52.684265440741,-46.7316142215556,-49.8133454229853,-55.8579442043287,-74.9659073171197,-69.4585521461941
"InCGE:InMGE",-21.078240754291,-16.1432669545916,-13.0098615908674,-39.212996628237,19.8398239696442,6.27350035753028,-28.6259548493892,-55.1383314076486,-70.1951946441347,-75.5462088948315,-71.4602028392616,-78.6708624766198,-65.2355769013424,-47.6341452464888,-60.0574945240209,-41.8841898638378,-25.1588494447375,-56.8252807113365,-34.4467726642699,-30.0475361639738,-25.4281207202196,-43.0897816960833,-43.9740122449953,-42.5950893500136,-46.9064738274722,-4.62944285573601,-70.4102468177344,17.4102322759495,-59.834858490486,-46.5834069288299,-47.66087624223,-44.9765888692269,-38.1232515773397,102.305192899952,174.548772304159,179.929706296483,175.68639056238,168.419416226902,174.298385627095,188.230321496214,186.226868552041,171.940971822164,158.033213755148,156.497664868793,-36.7777825191161,-49.6661279471253,-48.5230109809184,-48.7888324417675,-48.9675084400427,-28.1397064296588,-34.8454712540748,-2.45074642889314,-26.0882600228335,177.638278009126,178.271501758643,183.51036218147,182.86035874551,188.978023065381,168.736874634808,184.539799964812,181.526584832752,187.110067580214,122.858129508877,-43.3792550278222,-54.7457329380915,-45.6908852214016,-50.8875910081999,-55.3576589455051,-63.6688658174424,18.3358070666755,-38.6788095711215,-73.7445368366115,-73.3133375764943,-76.7983473107266,-79.4919410098148,-72.3628167314838,-46.5676671562656,-63.9692263511522,-65.5018366310801,-20.5763188583155,-25.9113450477766,-26.9825612442534,-15.3976745866461,-3.9090000550027,12.0074383652451,-11.1428503930192,40.2905594721018
"ExN:InMGE",-31.9844546786557,-31.0507972216431,-26.1935149073566,-58.0901486682293,-5.34150392813202,-13.3812922428621,-37.7280635804781,-77.3376007445727,-89.0136106518485,-93.8356846845464,-92.4305524710426,-99.9264752105758,-79.8015610684086,-57.7129739614503,-69.253989757874,-44.9826086649924,-33.5124683775881,-67.8050049716789,-6.64535200103416,16.2588273113906,16.3257210202483,30.8639426125659,-2.6854246467148,40.3227709329084,26.1580038689938,-21.8884123875174,-94.3094550413685,17.8676905879695,-89.9813089441466,-79.9237418734086,-63.2510357108013,-58.018111781176,-54.9530818059939,51.4543060447986,127.856643688235,130.391333178413,125.617838749738,108.390167416663,114.287273556674,147.299823096959,143.596701720465,129.750008981249,126.934948717531,130.689576537089,-42.2006125053342,14.7865012848151,32.2803141484381,14.2785341044408,26.4204259572287,16.5599093138846,20.5811162350868,20.6183322967257,-11.9027502756743,127.960703040105,122.209220386874,125.321499638926,125.056098583242,146.860079875364,131.470176921951,145.392036201306,147.042620133088,137.963724204356,76.307018067019,-59.4896753985777,-64.5407751442051,-59.8429437865458,-62.956097482161,-76.3218428120595,-86.9809795186372,-31.7017280982318,-63.9778042641721,-92.3618055223501,-93.3375673459623,-94.6178406563829,-99.9220357211267,-98.4365705013425,-65.3907357338993,-88.507471345466,-96.776640424442,-34.1805257017441,-42.9397370047635,-44.6069106947733,-35.7939195878084,-27.3131449498091,-17.2747682829855,-48.4081015677661,4.7273256656947
"ExDp1:ExDp2",-28.9164624697932,-32.8634974293901,-24.6076558245586,-56.5959486120668,-36.2782294090872,-28.6290063322543,8.18658349550038,-67.6987933159123,-87.0963432605158,-87.5729298152331,-85.8789357643034,-100.423755932517,-80.2198329238137,-57.4034892338395,-65.5708533316735,-49.5239978637999,-39.3348080034288,-86.8862146739299,57.3595508340978,175.951666469386,177.563302880245,163.046680330851,52.6832989691657,131.385649071672,72.1082714938421,-17.4151821174479,-86.9408502821016,39.4614537431716,-96.3959245136116,-109.167828564294,-70.6185905949407,-59.7262692555674,-64.9397105010235,-63.8301854210721,-26.1854029138942,-27.7265709667128,-37.7208348689204,-45.8532813094894,-43.9761278933185,-7.54475241772889,-4.3091232024858,-18.5966964965091,1.18623942034206,9.44141049588315,-45.9318085615005,68.4699303882997,112.374647450215,91.1466589120858,144.737368524814,178.565847053242,175.673921179764,107.810159304569,34.3605365345501,-32.6469568586124,-38.9914618737732,-37.4970511604812,-37.7798151218549,-6.01625251372948,-7.97461238118647,-6.92794427299997,1.225654556993,-17.3754890758628,-0.343189989006946,-67.9682595248446,-63.1137775106042,-65.0397334915679,-65.027279040414,-89.7434704051224,-91.0740799085483,-102.537567603984,-111.634673196932,-89.4258679541556,-89.3169107656927,-96.5977279786916,-103.343361012865,-104.145540351475,-30.725628827914,-68.339697513367,-103.452848747852,-33.1062125661417,-40.3798430083456,-40.6411636582714,-32.610239403034,-37.6966966421995,-48.2124567219326,-81.7280416537661,-65.9916430617238
"ExN:ExDp2",-34.4674392731709,-37.8593294454617,-29.932583873207,-73.7431979566005,-35.819547992064,-29.4627153039377,0.772398605266815,-81.1572546771345,-104.968041861936,-106.004454987833,-103.848235052155,-120.088398322149,-99.4497078887891,-71.4463027676787,-81.1955840006304,-58.1223515816659,-46.6724451076746,-100.623707363918,56.7529899543984,164.105520853636,165.693039114313,157.737288125699,52.8328107154103,132.454470624887,77.7668114468227,-20.6716971811848,-107.062054777977,43.3035485446423,-116.62364193553,-126.822947990519,-85.0446298704008,-73.9336404813126,-77.1352215003854,-48.0670004150465,7.42939289733453,4.63801076296871,-3.3039036061003,-16.2852311628743,-10.7913628436425,26.2652920092985,29.9713777486139,15.0318798907384,33.9711083782129,34.0627596865719,-54.4587129807118,71.9251058516063,115.275124679391,94.1330920252294,142.481658470081,166.236906680022,165.22825710169,106.378744829828,29.985743233868,2.0037544978452,-4.68618660848343,-5.65097422720966,-4.44476609652384,28.4054173582276,25.8370400236045,27.9954504395376,33.6838170487065,14.384184589112,11.6316324410148,-81.4425116138641,-78.7720402776058,-79.6061302155122,-80.2567971183656,-108.412588273758,-110.955812782428,-107.498207802512,-122.174088196556,-107.850750336113,-107.619322342328,-117.983967900633,-124.835088092346,-125.961492855498,-41.4603659787389,-83.1598447717937,-122.164885299789,-38.8920751754996,-50.8928339687749,-48.8485718863043,-38.6784406437432,-40.3534711431751,-49.2338359012267,-82.9617304833841,-52.3902035779318
"oRG:vRG",27.4308031057797,28.4514080978902,29.2719531309409,30.2414584622857,52.6796156869178,5.70547346860767,39.0852204667114,121.240238923621,146.890907570519,136.917614223668,146.963616531715,146.866125956832,74.6945903885469,18.8096334728148,36.0039790078529,-27.4460442566419,-38.8482936153492,59.2264928050899,-65.6801261956017,-48.8808777937623,-49.2412180476741,-57.01110900856,-57.7410672711814,-56.1651212977188,-59.1994366755023,16.8044024606606,84.4698571257143,-28.1905744736533,130.658459649497,96.9903086840466,30.8221477319751,23.9466180292026,20.1867256970056,-19.0684140564242,-51.5391162194012,-52.6308370077298,-49.2115143515394,-46.5496742808768,-47.9606839881372,-55.5605608765748,-53.9569785647944,-56.0778697811512,-60.4989813572458,-58.8575267988726,-35.3567420095488,-61.4751041159606,-59.6077821557495,-68.8731024833732,-62.8942662224944,-49.6189040233279,-55.4630936511004,-49.0885365408927,-56.6290995554094,-51.0829423968626,-49.9826396395536,-50.8150573459675,-51.0446398140792,-55.2172039932486,-59.7923702364298,-59.7210468156025,-62.8142792853523,-58.4691733819828,-58.5256242477352,25.4587361460397,27.1998630294509,25.1701828952776,27.3234364414477,62.0447128226745,75.768397757024,45.4239921267407,62.4679476068103,144.600882628717,146.870775594881,118.73982799493,145.767092886998,144.531086952379,96.4852462960143,131.252435151865,127.238246675487,29.9210575676214,31.5859392638293,36.5627248964877,28.1758599961471,18.5816289705197,48.6707315817096,84.278454717909,39.517552694125
"oRG:OPC",39.0809032739441,40.6737883973816,40.1649906215781,57.9893890240571,53.834011775101,7.85305510802469,107.296974971037,116.328412397082,120.216474936692,126.677512120238,120.2928198146,126.847190631077,95.9544306502398,54.4432447993165,64.8007846185475,-24.5451191011413,-51.0945038590883,37.9893850995536,-74.1194517957662,-51.1697716697544,-44.4077150660367,-66.9382906099335,-85.2631089150893,-65.4433188693002,-74.129083107486,26.2848982354418,94.8696434665225,-19.5493689414192,130.278706630706,101.941748083638,64.5341998831595,57.475324548074,58.5480917420949,-12.3430661027317,-59.6067866191627,-55.7693893978869,-52.8308377593746,-49.44136853926,-52.3743226733006,-59.7922345786493,-53.7578055387995,-57.8102647554311,-59.7927258072642,-73.606421232426,-37.136218471938,-86.8497083173177,-77.2783238281614,-87.6901530338756,-79.8080970115008,-48.4168007048447,-62.1552632477794,-40.0618592036042,-47.0735108290236,-57.3707058245421,-55.7275101099177,-54.7939202840112,-56.1958576169716,-57.543577348388,-61.067277654669,-62.3160794740903,-76.2153985541376,-68.0541220058669,-49.2021010242421,61.971326422784,61.3288118173788,61.2017212486191,62.3820036830205,87.2576869514586,93.2682318543858,54.7548572255029,51.3343590216492,125.163809938497,123.619862536996,120.548844560351,131.880265143514,139.104933069072,122.647422272634,138.599467724202,136.589227223872,44.3477809707711,50.2018467969667,54.6504544673661,45.3396326525035,27.4989719098152,55.136520155488,87.4565181359555,42.6390821347263
"PgG2M:PgS",-4.6118961429286,-2.5341609659656,1.94073151956711,102.858666764767,-0.90349908872747,-3.13647381798628,-4.03788036642918,14.6690840493575,28.0719982160033,29.784207313364,31.4340107977404,82.6177960436924,153.739022188762,141.354346701812,144.580227655921,24.634329360953,-18.2712546440409,77.652182252432,-46.2276412928428,-49.6941207007498,-49.3126014725629,-55.0708017724669,-57.2666479641174,-52.0631690860696,-51.0399045314233,15.8250257473997,136.087328055931,-34.333218218919,45.7170579973486,106.738137588559,143.43728977887,138.804277625694,147.318716651979,28.3508309700459,-50.4548995103647,-51.664033013588,-39.2105205653493,-29.6785092602695,-39.6049094679101,-50.312782482737,-47.7736666301556,-51.2282788341157,-53.5960566524624,-61.3836672583319,7.11190495963789,-57.0567852538969,-56.3358527909316,-56.4313979704203,-58.3220660054918,-49.9407985007935,-55.2136043071377,-53.7991184851496,-28.8571030546559,-45.7653649866915,-43.1072808332191,-42.6491066707907,-43.7556733266236,-49.6368424950615,-53.9961403187281,-54.9748863370776,-63.4952073644468,-56.1834186240914,-48.5031176219868,146.741928072245,148.99491867781,146.680416960957,148.746482545825,146.987711353055,143.218937537328,110.361716748823,100.331143631369,29.4709348082851,32.3699412947335,129.977308475521,83.3145302203516,64.341389532654,5.01984776528698,31.6653818940384,73.2180641943134,-3.4074894688622,45.1546776177041,18.013333603477,18.341863487566,5.97640034373819,4.02036421052445,28.3157622796381,3.99950991766146
"oRG:PgS",14.6810506606879,20.4571491440041,27.8398945486869,133.975403996546,43.8404465479919,1.91567318666717,52.0843104206235,85.1029169731887,104.718899001475,102.594252589285,102.390148199484,157.39217343474,202.697417337377,152.797190962259,173.458666564572,2.24400698890653,-45.5506746359453,80.0567748291016,-75.6888095444552,-68.3089676991335,-60.733658094546,-87.8599198823647,-97.2270696927893,-81.1716644607562,-86.9578880908024,30.3830443770592,183.785401135528,-39.8673365491302,124.873340063842,154.792970303663,171.729727539413,151.474942733437,166.000787501077,14.1903382521445,-86.5471548241109,-90.3555170566969,-74.1072802592577,-62.3777568822118,-72.9774392270453,-84.0100454902775,-76.4388707900856,-87.0921750108685,-91.5104882660772,-99.2944226638488,-18.9340714164991,-98.0167750685966,-90.6803463967315,-92.4510992323565,-95.0490613148815,-64.9387837459011,-77.3394886604936,-67.3812766135584,-56.7949827106357,-82.7046506734515,-79.4109310243997,-80.5288149559158,-81.7771164637272,-81.1932797393942,-92.6718882518595,-91.8526369099485,-107.296733663994,-100.392163633741,-76.6687610394361,170.303427286026,169.088204688864,163.962221697874,167.952546192644,182.167873602457,185.964244445308,118.338383492341,103.099884453252,105.524857920068,106.361750440046,202.512165392679,164.612256889655,150.571550042282,76.607947736077,120.072013148282,153.431835843992,19.1163373473041,75.9088847565217,47.6925276960318,43.133223093927,21.3050468638175,43.9738367952109,85.1311604157888,24.8725013189827
"ExN:PgS",26.7784574568436,21.0652520427405,16.6634511531609,62.0969649493088,18.2149503808205,-1.12930705562335,42.3783287144958,22.430072470009,18.261268073252,14.3149349117453,15.2333776144559,33.0681484870774,63.1548988926295,62.9583078817301,57.7189881045102,-38.6395495264073,-62.8583254804535,-6.24350745277997,-23.9464477316177,57.9322260370654,55.7116618718711,26.0673716859629,-34.1336188085445,19.2942312258006,-20.50826505934,23.7667254288651,53.4945137021032,2.66213427409458,25.123085094779,35.168170906128,58.9193311268846,63.3746562340548,61.3424397060549,-21.1810701840452,-54.7246596878215,-57.5331100497037,-54.9436334000324,-53.375345311305,-56.5374796016676,-45.104589768126,-41.6307042223381,-51.8218397011857,-37.5636700898186,-37.2290170772946,-50.8910769596432,-27.1677561178657,2.67558554108952,-12.1554899799159,14.5759227168665,56.8116991361005,45.3916353492108,24.1003961399959,-26.0743321331807,-56.1084416559454,-57.0935339306779,-57.0895365235584,-57.9960992253712,-43.903882256257,-45.6725201030958,-46.4728294986849,-46.2978411712189,-52.7613926551616,-39.8592162830165,60.93399533851,63.5189734133052,64.7511161647461,64.2099438036984,57.4571283474242,55.8963081038892,20.9768494462907,1.70094385770323,16.6184225952936,16.5764536205742,51.7572440790597,35.6122990587814,32.6112221428777,36.9870365778344,39.976219313966,34.318235503342,26.5107880136633,35.6125735398084,34.6170968413631,31.9885079793308,15.1800136631203,20.1219894629825,26.8733275147197,-4.0373099436509
"Endo:PgS",136.13787330625,88.3194902894688,63.8206203933931,44.3935382787273,37.4459112092104,54.2553667301486,24.8698125700547,39.4455039843,31.9844516678523,33.7423400086098,23.6477854762466,15.4258534917505,6.27616895943223,-1.24036677651807,-1.3574754968863,-24.3824471718177,-32.8934198128669,-6.28676368968775,-39.0083117400479,-14.3331004704115,-13.3090596801035,-24.32499120684,-42.7020791584319,-21.9775745217223,-33.1343619002697,56.3010761514619,14.7596977934746,8.99163054415263,40.9675148522934,17.0038921902918,1.49512196317506,1.86551016053748,-0.849583834431807,1.32547878068217,-15.4953945504962,-14.7951869770006,-11.6810720591735,-14.6717980765293,-7.23233917139699,-18.542214855079,-16.2771386307241,-19.0704612083136,-17.8535964174447,-22.3729988028437,-30.1306677159503,-38.9548862299503,-29.4939258284832,-40.7853758868629,-30.3947391797886,-13.9971620492283,-18.7579676131688,-7.60805276053129,-29.0711188337174,-13.5485551701904,-10.4381133238152,-15.0247751678809,-13.032079018646,-17.5460472136343,-18.9571654381621,-18.7913460170901,-21.8864500105228,-17.9901058353248,-14.6730067763057,0.31249953848939,-1.29036823430635,1.20585494115355,0.083904118357885,7.39114084377561,11.6612133248767,9.36240623073387,0.588828292022199,33.8800208251185,28.3409026017067,11.2094909803161,22.0925640514496,35.0083414467739,35.2531306538617,38.7937323173474,31.2004722410247,120.83283277194,61.2113066358229,103.57143009785,85.02444149677,75.9683215313723,69.6504369687002,66.8285497398722,51.131807850868
"Mic:PgS",118.410980508187,99.4749380015799,88.5749572160132,64.6399210041077,42.3276897606058,132.518764404432,42.2212902090798,68.1596560776771,47.8972680030748,51.557846970505,39.8397761349804,33.6355224193015,24.903677632637,11.4171668552448,12.383865983901,-31.2786416735334,-44.4720097488025,4.22761374351844,-56.9092108610982,-28.3363302764563,-24.7174257410782,-47.566261521196,-62.4129850454176,-41.5499198284679,-67.6813480490958,54.7225583185785,34.7517775117625,2.25340596999289,53.707600236412,35.547919616353,15.9823081593028,15.6721304309407,12.5703850666795,1.66170023611133,-15.3591975473641,-11.7762411817198,-7.93670020232464,-8.9509976821845,-7.00685688327777,-16.0034567986593,-13.9605894508121,-16.26251941816,-18.5655283444241,-24.2316833788464,-39.8002600128082,-73.3559597649869,-58.7653371438276,-67.8776988222471,-60.017218483487,-26.8987749518275,-37.3285803079954,-12.7762089344483,-35.5965161057106,-11.675699097394,-9.34073840675602,-10.6638383126485,-10.3005040263031,-15.13348600199,-17.7639723631745,-16.8222866570285,-21.2567373120454,-16.2750761317569,-13.6376516799407,14.3707485709097,12.2169304923829,15.2929627607914,14.0212645816756,25.7408922624419,31.232812573008,23.2312350513493,15.1819180763779,50.1900107793413,44.4035215419138,30.4789438784791,39.0800282795652,49.3934849619295,61.6536268994242,63.1208564200053,60.4736301232782,119.104782517506,85.2287688539304,129.342124356065,97.6958140063568,139.431870415777,101.867436042059,98.4046256373037,64.8124402663152
"Per:PgS",102.861090996781,136.419815888548,100.435640419794,98.2633326544214,48.1060290879269,58.5662883964937,43.6813036130797,71.5347931819233,55.0705824352904,61.5044880330416,52.2772310903843,45.5994762965062,34.4679132447654,16.638007651571,19.8969855392203,-45.0932061083211,-48.4115037231526,5.71337619358951,-65.233611908343,-31.6109627167755,-26.8283884251981,-51.9060612367883,-63.761688587243,-40.007361229899,-62.3026302384316,62.9257866275491,44.3850297936451,0.114994672441707,66.6029941634097,50.1101319479682,22.2426510084079,20.5594524431652,18.2003294625514,-0.0537892133002634,-25.6700625589018,-24.6596404830538,-19.3118429649763,-17.936847267305,-16.1322636012462,-31.9723358655801,-28.7669926726199,-27.79328289881,-28.8019322856381,-39.6041300484592,-49.834235397151,-69.4030733055355,-54.5298488220098,-69.5497297371801,-60.9973900617256,-29.5775143251014,-39.437898364509,-17.0072633910333,-44.5813404797826,-22.770930973099,-19.5737463858978,-21.896226688669,-21.2620794299498,-30.6694123342859,-28.9968336188354,-30.7737826925947,-37.1420746408317,-29.7834897942299,-27.4116776508263,20.4736470736235,19.108525396931,21.2366597173708,20.7786774262278,37.0132800607854,42.0025698009541,25.6089149739737,18.3884394070461,58.8238880282235,55.459903891507,42.7623502367374,52.6831151930976,63.9354826844407,65.6738279432415,72.4648185854313,63.8614626858823,124.497072636158,106.558842489922,130.693361031684,104.710840227095,91.9411722564817,86.0498820069637,82.7941099703786,54.8410802003812
