"","Endothelial","Mural","U1","U2","U4","Microglia","OPC","Astrocyte","oRG","tRG","vRG","RG.div2","RG.div1","IPC.div1","IPC.div2","IPC.nEN1","IPC.nEN3","nEN.early1","nEN.early2","EN.V1.1","EN.PFC1","EN.PFC2","EN.PFC3","EN.V1.3","EN.V1.2","Choroid","RG.early","Glyc","MGE.RG1","MGE.RG2","MGE.div","MGE.IPC1","MGE.IPC2","MGE.IPC3","nIN1","nIN2","nIN3","nIN4","nIN5","IN.CTX.MGE1","IN.CTX.MGE2","IN.CTX.CGE1","IN.CTX.CGE2","IN.STR","IPC.nEN1.nEN.late.3","EN.PFC3.EN.V1.2.1","EN.V1.3.EN.V1.2.2","nEN.early1.EN.V1.2.3","EN.PFC2.EN.V1.2.4","EN.V1.1.EN.PFC1.1","EN.PFC2.EN.PFC1.5","Glyc.EN.PFC1.6","IPC.nEN1.EN.PFC1.7","nIN1.nIN3.1","nIN5.nIN3.2","nIN4.nIN2.1","nIN5.nIN2.3","IN.CTX.MGE1.IN.CTX.MGE2.1","IN.CTX.CGE1.IN.CTX.CGE2.1","IN.CTX.MGE1.IN.CTX.CGE2.2","IN.STR.IN.CTX.CGE2.3","nIN5.IN.CTX.CGE2.4","IPC.nEN1.IN.CTX.CGE2.8","MGE.div.MGE.IPC2.1","IPC.div1.IPC.div2.1","MGE.IPC1.MGE.IPC2.2","IPC.div1.MGE.IPC2.3","MGE.RG2.MGE.IPC2.4","RG.early.MGE.IPC2.5","MGE.IPC3.MGE.IPC2.6","IPC.nEN3.MGE.IPC2.7","oRG.tRG.1","vRG.tRG.2","RG.div2.RG.div1.1","vRG.RG.div1.3","MGE.RG1.RG.div1.4","OPC.Astrocyte.1","MGE.RG1.Astrocyte.5","IPC.nEN3.Astrocyte.8","Endothelial.Mural.1","U2.U1.1","Endothelial.U1.2","Choroid.U1.3","Microglia.U1.4","Microglia.U4.5","IPC.nEN3.U4.9","IPC.nEN1.U4.10"
"ExN",-34.9310665316138,-30.5537229284813,-32.9287964559338,-69.4155017715024,-38.5681523341679,17.9366768887979,-53.647153604099,-68.4685246045392,-78.02379058867,-80.6970897814285,-80.0058435090555,-87.3720569890449,-79.2093145237241,-53.3822486900773,-66.6952220082048,127.027634507012,35.1504008193483,79.4501957543811,120.136236067424,-41.9547222163094,-51.2921952234182,-47.4131515737817,29.8978828557879,-57.2590097744893,-22.1189689295753,-16.9864817806954,-69.9411704864456,19.3943588330227,-79.378394087672,-58.5574519355389,-62.7694209436567,-54.728077103767,-59.0606730596013,36.2948946954709,45.5606253557794,51.2604252532278,39.2591246047328,43.6606945157145,48.7219981131261,30.3948618278736,31.0994213930814,34.6473922057532,21.1391363375091,51.0839939346425,144.627784325076,1.76270154231697,-33.20511478443,31.4872199870066,-19.4892500417033,-47.2023834520109,-39.2444305694371,5.0593427100069,94.0194317632967,43.2810816333789,47.0005161501928,48.7177247215032,48.3257725945446,31.054191613832,28.196214075589,30.7275020350787,44.6786448142206,48.5643136276137,73.2915812926095,-61.3223103056167,-60.8703186741938,-58.3971622711529,-60.217705431304,-65.6288348329307,-68.6430922282637,-13.8894800696814,15.1649252251198,-80.4482763716496,-80.9619845466258,-88.5161299978457,-89.0810571531864,-89.1427178878938,-70.2324977943549,-85.4302675114646,-55.5051691783838,-36.2298383183245,-51.3315097103547,-47.6906297847138,-31.0239501970399,-6.21562910552354,-29.9756943873512,-35.2283818016354,20.6820868264757
"PgG2M",-3.59992992208087,-1.38174427850389,2.99582552594678,73.0104431726391,-2.93950683233872,-2.51766787336243,-3.78967101586675,4.50089983888458,10.4996101782591,10.3056061522882,11.9454049658338,39.0267684476544,101.960264142741,111.997755947729,102.510255685566,16.9002045188234,54.7751767888272,-33.9111943187331,-38.3127544491835,-32.3908093691238,-32.1444761762681,-41.8329575666544,-41.6709787159986,-36.8802729020104,-38.5370860142356,9.52296271103262,97.0000738718261,-18.6759804067459,21.0235164446547,62.3825936295035,101.930037438832,110.010738814774,103.587117175713,16.4538921906436,-31.0517052087558,-33.1986661608979,-25.1599946254966,-22.4634198230787,-27.6932951211563,-31.7458740081328,-33.7072789434023,-30.5454718027386,-32.7022364156274,-36.8306050721725,-0.672341176208748,-42.4164813384429,-40.0644610165832,-39.7485490263455,-42.2206376453037,-32.6005169200682,-36.639712577131,-30.0544868517169,-22.229862976736,-28.8682801729156,-28.8736332262149,-29.3086408990858,-29.6656851179991,-33.0618793522663,-32.4161322159759,-33.750353950758,-37.6848397273406,-35.3709915378566,-33.4419198686322,104.242206485068,113.330632002241,111.256581203008,112.861106306645,102.341183964071,102.689140758943,78.8586285464047,73.3072904551932,10.5983586136195,12.1699518649412,72.8536317533885,38.612783192598,29.054068358765,0.662743713579927,13.8169344867961,35.692285608912,-2.35293751389693,33.1137320139367,15.3193465294187,12.9258645143737,5.45558930805397,1.12978018651151,14.3203388935598,-2.16265144396691
"OPC1",24.1982634748485,24.3783283568281,28.1640263381093,43.7682381642788,54.3093448809761,9.44244500048828,104.383349513098,76.0245989365654,60.0664892396942,54.3685480147694,56.1676617202514,62.7077880046095,60.9364690036044,44.7809768384699,47.8836198207506,-21.8414971120809,24.9634473260599,-63.5551109547871,-68.4513435702972,-28.0820392381602,-24.6281582606444,-42.1801606047636,-51.7683263406412,-41.2746015829719,-49.6730778739844,20.2261426836783,57.0827741564262,-12.7113586327479,57.664371250563,56.3901118738598,48.8356563997885,47.5688232337068,45.4289573082176,-8.74854768817309,-37.5766109691857,-35.2837052843519,-33.5572659711411,-32.1365218124697,-32.8125234191042,-37.9554345284734,-35.191323814542,-35.086880006885,-31.092720943518,-41.8355278069997,-47.0573263330259,-53.4385744821472,-48.6933012492495,-61.8330805247045,-50.8333210238765,-26.8337750524589,-36.5249467272907,-25.0293306943187,-43.7068576325113,-36.103881999386,-34.8355497179961,-34.8366669420924,-35.4683768716805,-36.9669829616638,-33.6705612128192,-36.4232898878534,-42.3498364278985,-40.3210369271632,-33.8395736524229,47.6424624927959,48.1073836712001,48.9263926522844,49.1366673150891,58.2427385674852,58.5373692835639,39.8867392916318,35.8939172431123,57.8013469511195,57.4270228183817,65.9958690144883,64.3908394427626,63.8072776016315,98.9986319111239,89.9224246478629,80.858871598373,26.0792321766967,36.7024188768157,34.4852704091139,31.3871325671051,24.2050501528998,50.8073999332381,65.9449067727915,40.145109173295
"End",119.936941660088,96.7337533843803,63.7161648550188,50.8943234409191,31.33473846891,70.6647101116063,25.3272398206454,37.990035414448,24.7255216700551,25.4582354959675,17.9725318589605,14.4058123542658,7.76408743729268,-2.09980981805435,-2.36197905448742,-22.6266448114602,-6.19463996200393,-42.0436161987221,-45.316001685564,-16.8006585178114,-14.6087520983958,-22.9824052912704,-38.1275745366255,-22.1160217287916,-32.7216894923966,49.3718045813043,19.3631913339842,9.58110984618236,31.3564466402948,19.9095821274798,1.43299651236347,2.42084679922906,-1.57139248616708,4.29482901077622,-15.1625569865436,-14.4077420721098,-11.9179553196335,-12.2700614970312,-7.04733629294843,-20.200973753598,-16.7472791788311,-19.9584693148013,-17.8678186632746,-23.691730133987,-34.8003608116522,-37.929879160735,-29.0589042236445,-40.1372927357295,-28.3899954315295,-15.8448823039053,-19.698259701921,-4.85403816471254,-24.3698231803505,-13.6898826078153,-10.3075093807439,-13.5814360740049,-12.2802430855608,-18.6224466024894,-19.1514580060825,-19.636397670947,-22.8461286009564,-18.1198964150849,-9.07193243749374,-0.00808033475044486,-2.27060439399239,1.38659294126393,-0.243557366566242,9.90176263899054,15.5402092210743,12.6103211322706,2.24328891150017,25.3299785803464,21.3654803922513,12.161633080176,18.8407016359615,27.5853199022856,35.3733967080351,36.2868950597421,33.911763802864,122.780626974963,63.5388466307288,107.308191358822,86.315243278949,88.889617285638,69.2001317895767,62.326872824486,46.7029926348654
"ExDp1",-22.0081443322239,-26.3495056463081,-17.7416881594194,-33.6436889000574,-26.0315028414152,-24.0556137781258,-0.049988741144776,-40.7949932068053,-52.4616497527111,-52.672092639098,-51.4734114283831,-59.1896728325828,-51.4820685626935,-36.1796671688607,-44.160294113962,-36.561178941632,-65.7400537146728,55.6816374692579,0.976498564141866,109.454569571822,111.035623443404,116.466214511304,48.8449946796335,95.0428334471914,60.6229574321374,-14.2624050993259,-57.3763323743452,28.1322713716538,-60.9336599033629,-66.8629341273406,-44.6559717005253,-36.4715178314618,-42.3324616470438,-63.9629064845121,-22.133535284521,-24.3491649427214,-29.1343771257992,-37.1358799594835,-35.515749747261,-6.64997291858992,-4.70041908805241,-13.8839377440952,-0.0585304185023058,7.65406946775835,-27.3502273012534,60.3168511824074,85.4852521441531,77.9520447655861,106.704688982175,110.978540153407,114.228182541613,80.1769680910789,40.8839684998516,-26.446316471711,-31.5109197684111,-31.6937123318456,-31.4294304972376,-5.7447066639076,-6.58393200856358,-6.2340314620068,0.171404593052364,-15.4487983164797,1.56842051440832,-43.5892690484928,-40.805102941246,-40.13225224488,-41.0744757196059,-55.7922609726947,-58.5026908998175,-73.324138739167,-81.7048263367803,-53.4068265190806,-53.0925889745777,-59.8404061407479,-62.0088690648841,-63.5041891454387,-23.8410132365954,-43.6115716482613,-65.756178210758,-26.0185025496574,-26.576842584717,-30.6145600310816,-25.0909738661411,-29.4219258283672,-32.7065933243811,-49.3926595601401,-39.7550490958061
"Per",89.5238505469322,139.478173908843,99.0893542954549,84.1167587274914,36.0409422348282,52.0540967813559,38.020506651477,52.9546722574552,41.6554163467337,41.1545257710557,35.1070346021631,32.8545797176983,25.7887648441351,11.1999779259677,13.7739896166184,-26.8417593041515,6.01304221950519,-48.4474385573032,-53.2213205627659,-24.8802978205,-23.1314389256922,-35.7481561970168,-45.0394825401114,-36.8014058915016,-45.3057743707998,43.9233298057588,35.1017548066257,2.98439963960379,55.8686867477508,33.4424923669401,15.5253737199636,14.2920373772361,12.4706588188723,2.34371711058848,-27.6476327978731,-29.2543632685019,-21.5626343861382,-19.0320201226568,-20.0289403994699,-34.0013441083627,-29.4709408401935,-32.2032041572788,-28.0929168201299,-34.7804497232157,-42.1995811786113,-47.3375733227948,-43.4901910111088,-50.3479007156973,-41.5889765547983,-24.2964650337156,-30.9142905683898,-15.8571210568178,-35.8181533077567,-25.0776520499637,-22.899237693895,-25.2416318714854,-24.6955825019957,-32.2912101042092,-30.4685278254072,-32.4426101080004,-36.480109899048,-32.0774540614954,-21.2816511453301,14.1129641628115,12.8980549452244,14.5873475019312,14.1420079418815,25.6595011005461,31.1300637834012,20.9505778159624,15.7646524442212,41.6869694057647,38.272062789079,32.5273280780531,38.8888089332299,50.7891431068126,51.2845064382686,55.5901852994981,49.6189499773615,121.445561343816,105.614788017587,124.935073680766,85.2239069311635,74.9100832798984,61.4071251845162,61.0316892747912,38.7714491369063
"Mic",84.4900697934332,66.2173615058356,64.9834973535979,44.68764888039,35.9326690243577,139.859881017773,37.1450743109887,49.8610214289734,42.4571353435305,46.5687886967117,36.6440231621756,36.2207914561301,25.5770475913975,10.3667965853494,13.8069488464623,-23.9898797114777,6.22364371407136,-40.0007790326192,-67.0422218192436,-21.1406803944965,-17.6332755706702,-36.7875602707411,-56.2407690892476,-27.5472304917821,-43.955475794996,43.6180835231064,34.3081061376003,3.17873988350856,50.5816396293182,39.484609318191,15.507295961026,13.2609794616464,12.5022116276048,3.92680938989075,-15.4612294854474,-9.81662775004134,-5.38867776392795,-5.38200286810039,-5.38304083570316,-14.978440682101,-12.9918389155109,-15.4469758656555,-17.7845941499058,-20.8536708842893,-41.6038942697764,-52.7601914781387,-37.9110350869017,-45.9096521346659,-41.7510805373809,-19.6463119743076,-27.5923628213501,-11.2499041644648,-31.891080933949,-10.2749296200384,-7.63953887343928,-7.86734187045491,-8.06613980812338,-14.2447947736929,-17.1300657934512,-16.566030294214,-19.798224890164,-14.5020762398635,-9.75601058002109,14.0553136143161,12.3010541903274,13.8974103123162,13.4600290254574,26.8937936645184,31.9529487273742,26.4174886595767,16.4649471496382,44.8512844308661,40.6200330308563,33.7482339235651,41.1003179296922,49.5101263029829,51.7100182420175,58.3549721565328,51.3771826918261,83.0696342584995,60.1240827760425,84.2371589620591,72.0360465942855,118.540861279424,84.2810680183539,81.0498384875459,55.4639052240321
"ExM",-49.8840913997141,-63.0560027761249,-60.321995245346,-76.4861509093961,-75.830622029841,-60.8310079346366,-63.3346303942537,-85.07825554409,-97.5476038782801,-99.7621822520962,-95.5568113387016,-106.763279908313,-87.4170828186089,-63.7461808950415,-70.7036899051972,-56.9284832236517,-106.333312829341,77.4541325975071,83.4421249590096,52.2971538533254,31.1035465680345,113.202569251336,121.705330469178,118.616720747812,142.894903582528,-52.5385489684416,-101.554598630952,-15.6315214306687,-120.732663438656,-129.454611944928,-79.2217021869769,-65.9201932649272,-76.5441553594494,-98.3773060115839,-64.382720192882,-60.2124025164833,-66.0382737487868,-65.2329894141553,-60.1357794771438,-46.2063111352504,-44.2612783446936,-63.1121971664006,-43.2343443543121,-43.3605319513844,-0.501873765054453,142.388786081446,136.019367845201,132.429696159487,124.323841708386,42.242893427906,80.18698563209,16.7279589609972,9.1509221056687,-66.8563984188772,-63.951379107737,-64.9922875958852,-65.1933728447159,-45.7954611342751,-53.2827736327539,-50.8034291682365,-50.6409543724648,-59.2982641780254,-48.1626346206385,-78.106458814705,-68.7173344579926,-72.1947891302222,-71.8029798035816,-105.478530493281,-106.932337278558,-134.87870537066,-130.237859389162,-100.386580816693,-98.7205274357964,-102.620976134032,-109.990423505033,-122.204431647437,-81.2740445660764,-112.155402844184,-154.383631088585,-61.9436212469604,-74.9070517885595,-77.8481407867191,-69.2585867093386,-74.5273061531309,-92.6592734310809,-127.086903699769,-107.692779625311
"IP",-1.18605484577544,1.8918864236811,-2.72460606921311,17.2416950984531,0.931204476566661,15.7231667468213,-13.0199573893153,5.85231102023584,16.6163774712911,25.5629868340077,19.970053866514,31.0995343652112,31.9738587231791,34.4689252943291,44.1202868316594,127.995325156904,127.471603126702,1.57843094243919,13.3897291795977,-59.1923277915605,-57.2431743241491,-76.606600312986,-50.4534699667988,-72.3785749747618,-68.8635346045237,7.12415128240575,43.6401647509663,-2.29001054263876,25.7142769373655,54.1804418159531,40.8946478711998,30.8197694241253,36.2721884849829,47.9556074716115,-8.45546602639726,-12.1852789494449,-7.57212300241136,2.4710970013633,-2.9643517359782,-30.1215053496809,-30.1425073863705,-17.0472968135393,-33.0143694665526,-11.7303684480084,94.5541385268466,-68.2939427128662,-74.5895428318612,-40.8307573051062,-68.1948294004517,-59.0443121765984,-66.4391133782482,-30.9680853395045,47.479536576037,-8.04836039664286,-5.44418593196626,-5.48390538289956,-5.76679214009696,-30.3376985514003,-25.9640766554056,-28.3848272135069,-20.6248332775877,-12.7384130048252,23.4032080984136,38.5059404862626,39.2950034213802,34.5039456524603,37.4476363163891,47.6810673975587,46.3247126039573,61.7855175009966,112.605169552996,21.1556172089926,20.8786039057668,32.8822791984459,28.2486050175027,27.0837818540476,-3.01932477424339,11.8256582544761,59.6682539118896,0.307997841369041,7.00594578094173,3.86993776809344,6.47893500423437,12.3880462349043,8.16504407569355,33.9241721477376,37.9499677210678
"ExDp2",-17.6267803993171,-21.3286051029586,-24.0199596073358,-41.3017901262311,-24.6872637037467,-32.3007815260798,12.0164992748894,-31.2388872675471,-38.6009029538378,-44.2335368503239,-38.9803114940815,-48.6349762068492,-46.1660972022917,-33.178399572762,-39.3727672031464,-40.5389549021175,-52.0437881117522,39.8326966938173,-11.3719283118856,104.093525143042,109.646984099125,94.6871113308503,39.603755045846,81.754178369788,49.7624355673273,-11.2667036630662,-53.7033115919532,27.6004102980988,-45.4448563278327,-66.6051753655938,-43.0861863130895,-34.8108117573257,-40.123857326316,-45.3878010937708,-19.8590293339765,-20.7990645884218,-27.1120761495165,-31.6295524925148,-28.5090883733517,-6.87514140873752,-4.35174771154374,-14.5620292827109,1.47832239919851,4.73296050402448,-36.046069782279,49.6762299683942,75.0328433468945,63.2229789616423,87.6061849551687,107.615563992657,104.376505383183,73.6501036639476,40.0570041426549,-23.8901452514064,-26.6922865101338,-26.8530109613081,-26.5661941153777,-5.65418005828815,-6.36272651452973,-6.06299160831199,-1.13398442670875,-14.1699268202255,-0.189152699832944,-41.6602899758512,-36.7829538576016,-38.3407289318649,-38.2109821392463,-55.2685375533558,-55.9005753009267,-66.2945899813663,-65.252395071527,-41.7702081822259,-40.7159619242465,-51.265381358119,-49.1372768261995,-48.4624151470869,-15.8695694928447,-34.5801982152809,-53.4379738923426,-21.1378542397086,-36.823355511056,-32.7803125250991,-25.1646375030905,-36.5710318026703,-42.9675166242846,-56.1283308788118,-43.8587174339341
"ExM-U",-25.5501397479632,-35.2086020261919,-28.6216718717883,-45.1273898645085,-32.3799343701646,-35.3112217643715,-16.2382050851226,-43.8550446303677,-54.8037981852628,-65.5827914923706,-58.0301303309217,-66.5440687590145,-60.4322519790732,-46.7667172622408,-51.3326718686234,-68.385178385695,-103.331334833579,32.6898939819146,7.59612848939773,107.367231000375,90.7878573261933,133.225919058447,70.2932821397612,152.101149343224,118.035119512885,-21.6744505670192,-75.1939764391192,5.36829038722658,-68.1530171899605,-85.6650731812624,-57.5343084783437,-48.931272081575,-56.1641664613126,-85.0651240318198,-42.7958655706192,-39.9814963563459,-45.6370606179887,-51.2010120430513,-53.3848477168256,-22.605277357361,-17.8791695741831,-33.5814826967974,-16.5757158275675,-16.0550779129925,-44.1539127284168,106.984599734607,143.582293585824,100.074455472717,125.827805888793,99.7870415499215,116.167072119286,45.2179045927504,10.5048936506184,-45.4729095787944,-50.6185948235031,-47.1901906287137,-48.8912742618201,-20.4208879070753,-25.3298251791334,-23.5052113245763,-21.0905172406829,-35.1798920920102,-30.3154992310952,-57.074684872762,-50.2687583467705,-53.5527082210504,-52.8958285430529,-75.280243750073,-78.0724728787013,-105.953833720211,-116.543388335621,-60.3521669526519,-59.7699800461445,-67.3748432067849,-67.8989313779996,-71.2237065577098,-34.0266968800166,-53.1834394965374,-81.7163269683919,-31.3716523465,-38.2725694108447,-37.7564121841526,-30.7519321756717,-37.2467537087807,-44.2290404296849,-61.9718464353394,-59.4534251418964
"InCGE",-13.6602315292188,-12.4535705522198,-13.0209805415989,-45.5743010768654,16.1315934655734,5.18914270269724,-21.9572237306439,-34.8237887640089,-39.579403684789,-41.6961981436321,-39.348234674037,-45.3582946515921,-51.0439119533371,-44.1662258199919,-43.3148161054527,-24.8615265730123,-44.7055564628546,-21.9828657408369,-24.0131729294628,-23.6543192665721,-22.902007951122,-25.0273498575467,-28.0572022182588,-26.6445774823413,-28.8605929253657,-2.99281969524654,-49.4681358729488,14.4891954988269,-32.6984005246831,-28.8138949102448,-33.3179715606994,-40.472103728147,-27.9058780218073,67.3067071450516,119.53920550452,120.490810907098,112.277030526448,109.429458778458,114.030006782145,126.030134244987,114.079141891113,124.248470625528,130.2230416032,96.1130536704681,-27.7831002481681,-30.657778282547,-29.4568946206823,-28.8075829323666,-27.6301181492444,-23.6320119266053,-25.5813612622291,-1.34489031130237,-14.4828658150304,117.688231241511,117.23900733863,117.307660349731,118.28933351807,121.52278048126,130.806467161997,129.682621025926,119.096012657869,121.128254740953,71.8160509129296,-31.2315656018986,-45.4809132485452,-37.8560567586098,-42.1771847049234,-39.1030750354737,-45.1546613699968,13.0905653068513,-25.7850696361154,-40.9589418149215,-40.4527778217,-50.6609635615851,-46.9001221794346,-40.5022553095551,-32.7293915000139,-38.7770728789288,-37.562813346145,-14.8135709899573,-28.2288147329525,-24.2011483540045,-12.7194398630795,-3.27023711595717,11.8305850040356,-6.8186484246481,32.0650769065892
"InMGE",-15.5897030013138,-11.56871291324,-11.712785982702,-34.3131705572437,8.11468441739066,1.99495710115885,-15.8545479262398,-34.8283773024941,-49.3286904231121,-50.6376100450983,-48.7372809003835,-63.3374868879689,-60.3566502112281,-41.9183262236156,-49.4594476270171,-29.5046070776947,-47.5981814925728,-25.0246716934516,-32.4353998865079,-17.0365884526584,-15.4887653443866,-22.2057826894319,-27.425988673819,-26.3697933765617,-28.0305264225758,-5.99161635819271,-49.8203707124076,12.2939536300952,-43.5048096499278,-40.7831405716335,-40.8209211444987,-40.2034712320141,-31.9525345222077,86.2982421191857,173.39987031288,160.388719887839,154.650858098892,137.496767573691,155.749723160317,160.513366381532,150.219923745682,148.610637822663,134.180303278684,135.008305487641,-36.7607675549976,-29.6534404411278,-28.8322081501612,-30.1501506979021,-25.4946296741439,-16.4171576296719,-19.561704407352,-1.55078372640246,-19.50513097384,167.419355644549,164.825926598351,158.303413409926,163.611197669498,157.285630878811,146.375515549535,159.227820956272,160.322844554137,170.072633920498,91.0853737909074,-36.7907889110394,-46.6826498281959,-39.8196535329126,-43.8892659223174,-46.8837013842876,-48.6621658015477,7.27137461536555,-33.2728113385722,-50.6916560989595,-50.3689573418821,-66.5502826586625,-61.8606262661655,-53.1594246157908,-26.825230835889,-38.8242908779973,-43.0560297951685,-14.496463350455,-22.7754530917637,-20.3703292008376,-13.8523921326027,-5.41692074641492,3.30221088160819,-10.1113336784719,21.8376231927644
"oRG1",19.2730438577433,19.217231244023,25.7845596300005,21.541677796383,37.019432602098,3.52203369448846,25.6992139685382,86.668615138335,121.410477786226,116.092464272131,118.644280428188,103.088741549914,43.2704488971346,10.0523005200987,18.8975693184153,-23.7913757331609,38.6496570491051,-49.7127161988636,-43.4350911023723,-38.8070424432856,-38.7739912796222,-45.1204506502689,-50.2005474202718,-50.7675132796115,-49.8126795790456,11.0267764146536,44.9789508263208,-19.9682134808664,111.726592319102,52.2527345367267,15.2677088620329,12.5545829772167,9.93477432363497,-12.2153212491065,-38.7393276466606,-39.1431026046355,-39.4031023577168,-33.4208997610915,-37.5381349444237,-38.9719842421759,-39.0176914575571,-40.8474167188781,-40.9791144969356,-51.2127655232933,-39.1289748369271,-53.6501911473658,-54.3468321030933,-56.8932757870088,-50.5678503553046,-39.3624336623594,-44.5441332465432,-40.4707302226252,-47.993533681502,-39.6372566882488,-39.0581538915061,-37.5840199063495,-38.9439348973102,-39.536258549185,-41.666846560263,-41.9876510111786,-49.8708348785839,-45.5236183278003,-47.4314428364953,12.6325399015736,14.5031237124858,12.8513066002681,14.2884078421856,32.215475966087,39.7683525520949,20.4667012370284,37.3578798461738,120.948016258968,120.618448253314,74.5290647076239,109.735340293281,118.186093524089,64.5023793700685,96.5428086789103,96.1555331129604,21.3565023275969,27.3596638985039,28.6335769842468,21.06726192969,14.6766776924354,36.4483786164088,64.3941492823564,26.1278802630951
"PgS",-4.23177965147198,-1.59978760211327,1.60505705290161,60.3988837523409,2.52444080196949,-2.69871591423062,-2.3205417544892,10.4304175489952,19.5608251177926,21.6960105663556,23.3025138463457,53.4230203424505,77.8202186744311,79.0378038636816,81.9269188154881,19.9470792021953,51.1903339405917,-34.7782662420729,-35.8816727170392,-33.5031780355924,-33.7728790153162,-41.5286694171314,-39.9654121365684,-38.2179599145074,-39.8810703150828,8.99478437367823,69.6119577070972,-25.7153667717633,31.6708406248658,67.2816291330103,83.9365705321074,77.0017012961686,83.6617129225819,24.2164379499851,-34.5656371305042,-39.3202162996331,-28.6202793026237,-22.9270438111865,-29.7897391655045,-40.8635199392275,-43.907521043724,-36.1146316767043,-39.4423867833224,-45.5381970822625,3.30703036564621,-43.0610632990696,-41.5257251454133,-41.6337648883876,-42.7836819524498,-33.9246962020512,-37.7145573694411,-38.8004397773316,-24.7584950953818,-32.495062224758,-31.7307083560617,-32.4247428281263,-32.9708421057594,-42.8913809984733,-38.8980669641078,-42.5338960008047,-46.0707374959668,-40.5882800970008,-35.9712469568323,84.2205552749455,82.6632555828318,81.8758239362649,82.6054823121553,81.1192085776587,75.7382855072211,65.7414371857494,60.9285983245493,20.8668788775121,23.1744178103522,69.4847987091899,48.6323753138483,40.120667192287,5.15952342291575,22.3294940971215,44.5443895518295,-2.75304649798805,29.2328002789718,12.2076652471117,11.2724939095434,4.76105599372174,4.5229735830232,20.4647475337509,3.11886777044098
"vRG1",20.921286862332,20.2599715477185,26.9874891639917,29.2508356901539,33.7573170747593,8.91224811161477,22.2116744306252,82.0321591725364,100.102248239695,106.695605181957,99.7954997140024,107.701485364157,66.8551597334821,18.9695968091112,36.3259077060631,-14.4599925093924,42.0030366638328,-46.1477643129793,-47.5840281853551,-35.3951182647739,-34.7214379263446,-42.9898776206424,-48.6955190299307,-43.7344319637293,-50.4799549946558,13.5961256783372,66.3342714859438,-19.2810670772617,95.396345251176,87.182351775235,32.4554532470248,22.131226932435,21.9843201023149,-9.17386530399484,-45.0040258583677,-45.3282465678718,-41.8512493636705,-37.1639727662363,-40.5308758075797,-50.1041761620693,-45.3306238022867,-45.2455391614383,-43.7378775937785,-51.4379189315926,-28.9149906940016,-54.2714433213829,-49.9372696165864,-52.0878275011468,-47.3648441808672,-35.4386089239871,-40.405587550826,-34.870857783676,-41.1559710791881,-44.2213601064973,-42.9913228250704,-43.1806512582318,-43.8383733731209,-48.259378105773,-45.6160324144178,-49.2011372455914,-54.6488769118067,-51.2171081927234,-42.8966648613132,27.2350729770969,27.828462801737,25.0616637681462,27.656663409131,60.7041196847014,65.7754029655327,37.8504090080297,47.6160289740556,104.741441508528,102.783646320633,96.6851350017473,107.086482552406,104.556957539478,57.7965173119316,84.8637453966592,87.7312769329699,22.9990977361494,29.4675325328846,29.8238265754771,23.2531465481998,20.6817350237627,35.6575983782545,57.550543243881,24.7076221034001
"ExN:ExM",-66.0970980358101,-62.3316737232565,-66.1736212774381,-113.290227934971,-94.0034464234375,-26.8584246540922,-80.8595165863253,-121.137398727116,-142.185445549534,-145.426805981204,-146.24153183765,-149.674772605102,-117.962006041242,-77.7529395621049,-88.9809057806065,51.34580075292,-65.3128481155173,131.629135511764,159.646815783203,1.97121348088429,-14.3238692470443,60.5554253658345,127.392592429585,48.6616424460646,93.1241810681982,-44.4797878549514,-130.950803610187,2.03982926769954,-151.230329262178,-123.495228802119,-92.6348058605849,-81.9484424536564,-87.5980641821441,-35.8119754347035,-5.71875990743356,-2.34493920357027,-12.4617785319448,-5.72995722527721,-3.72506626172933,-6.39837380340984,-6.4304797214234,-12.1100818564821,-12.1379305315837,12.2461697097101,121.96139138624,119.730801639868,84.2937841295779,141.693497705895,93.0503450502412,-5.5420818816445,35.0327851879211,14.7721327103721,80.6136003102761,-8.94034265481516,-6.12522424275314,-4.07967450200901,-4.93191423514489,-6.56084987983068,-12.1940171078814,-8.95689767427659,3.13200865739184,-0.173935485317395,22.2567143071725,-90.6802557640218,-85.2748055096933,-87.0618645575383,-87.5024991524775,-114.747806021396,-126.709999286307,-95.1933607340817,-93.6187650056673,-147.123271967013,-148.309804609163,-142.605829893125,-160.327200809359,-166.800230044593,-112.905203202553,-152.510224784795,-156.392959054416,-69.6207917130325,-97.0541989949475,-90.2322389176144,-66.2941893813413,-52.0024450213592,-92.0309376382405,-115.337381176392,-57.7317988719971
"ExN:IP",-13.0956816820903,-10.477915751673,-15.8385930220415,-1.21191541642772,-18.4618004753514,7.16077893433441,-31.7675699459235,-19.0006205482251,-9.78673087883989,-1.88332310383131,-6.29167724945089,2.26475359674984,9.42725372403239,18.717121048001,23.1143579018262,137.419265655196,110.595631154888,32.6471763581164,57.0471841294606,-54.9494603003137,-56.2132106592307,-51.2926573393019,-5.02574804377617,-50.6828185370969,-32.5386508947274,-4.73376758057003,18.8105671036074,-1.17043938353631,-2.16877541740765,22.6426975799401,19.1182347501941,14.3473009001997,16.4656765468629,30.7595787054971,-10.1087992187089,-12.2540764411379,-11.3349878356113,-0.664901273268049,-4.88910963674784,-30.5058437250399,-30.006340379361,-19.941744450849,-35.2410028034927,-7.07302656682502,118.772570816162,-23.5717852375823,-42.054051066299,-5.3874950472561,-37.7020643024207,-56.2437767348549,-52.9416595505091,-21.9353003232121,63.8445127988378,-10.6956009720705,-7.71782876171669,-7.0942557086728,-7.63032155089406,-30.4676744613273,-28.4162728194742,-29.5451624020534,-18.6300435421504,-12.3386614624126,26.2739172946769,17.7694003832172,20.9396003433351,16.056412645729,18.7957005486432,21.7635844482417,20.6999949344487,35.0190871263538,90.6856493678031,-6.05006115182852,-6.00759594197408,6.20615624196768,0.172038297721558,-1.69557639473703,-27.2292227415501,-16.1057070445565,31.9129703682007,-12.5322237326579,-9.77730414661044,-12.3818487206195,-8.26400701499793,-1.23224371035863,-12.1675001411251,7.45745765430903,23.0257711635374
"ExN:ExM-U",-28.0555142775951,-37.2672189648748,-30.4910234938023,-43.0074104098986,-33.969394330239,-33.8230537984321,-22.0392362761662,-46.2087259240064,-55.057555657902,-64.1172802285401,-57.1037607613222,-63.1950622463164,-56.5968391758412,-40.6780429543311,-44.8135337904512,-32.2862436694232,-66.1140385770279,38.6567121139158,19.697490696064,91.602527438118,76.1390456815151,118.460862884963,65.4075457535728,133.825294803391,106.260709284178,-22.4085304910666,-65.5334329192888,5.23522150792765,-65.4234132755547,-76.9081943605585,-51.6452365527232,-44.2374243133763,-50.9740917625637,-71.6045860928111,-41.7121903163202,-38.8612584579761,-45.2366369240414,-47.408709538878,-50.669681110108,-27.0770464764364,-22.5692596136578,-36.3975096347267,-22.3526595498122,-15.6868744427794,-11.4452550677503,97.5344589677823,128.436912901779,96.0777890663171,113.845081515915,84.3854236530028,101.276537707623,41.0238003533369,22.8477687844148,-44.6912760599661,-48.7166441977634,-44.6322128508397,-46.6104186397109,-25.052711018824,-29.769391294662,-28.0833610136294,-22.9783210611517,-35.2725777733151,-19.9120320011477,-51.5032102170302,-43.7545798441623,-48.3127753978912,-46.8169585027512,-67.0634853525376,-68.316729443532,-90.4821998717144,-84.3159701123949,-59.8029445603751,-58.9219446248575,-63.4035624370864,-65.1178395259798,-68.3049995511499,-39.0740398793682,-55.3514795044758,-73.3513558565896,-33.9259093466853,-38.2728556348028,-39.0787090008578,-32.26331290839,-36.8811304409538,-44.9209388311398,-58.2401095800133,-54.8661362659102
"InCGE:InMGE",-22.7320571582623,-17.1943496473524,-17.304651137789,-54.0726928922732,14.7374682423946,4.66280522753046,-24.8934269209894,-43.2931297028869,-55.2488013541713,-59.1713005412417,-56.6669661440621,-68.5658093094312,-69.4660136362311,-52.3785827067501,-58.7952655097623,-37.2890959438203,-65.8821826000503,-29.7177978001057,-37.5326230166524,-24.6602599996368,-23.7592744857873,-30.7203762188974,-36.7168431658245,-34.087330584252,-37.5777306517183,-5.98145684681864,-62.5104084134418,16.3718242573176,-46.021129531223,-46.6772645430459,-47.5018372134523,-49.8401032465611,-37.7054359205869,105.314122854688,188.885686694412,185.166872982227,167.31220925891,156.6819506139,169.577777032949,190.151970582091,188.287678678903,174.246983219691,178.583499656765,162.671542377717,-44.2007076952827,-39.8883592671727,-37.6772509681692,-36.7130548025257,-33.8841008740712,-24.4529937365642,-27.8561355963103,-1.61188909321997,-20.7759620678012,180.309618904328,177.018719219359,176.337711847403,178.251409684834,191.715873057301,181.267567415498,192.711390480394,189.400570277673,189.07912041306,104.867034628091,-43.0631212108461,-56.7885572149755,-47.9226954558017,-53.0218235867838,-54.6717018204719,-59.1422192791764,13.5479286167053,-40.834216321681,-57.5843909432384,-57.7091471629836,-73.7482936004576,-68.6256586716753,-56.8760198108253,-37.9850487617145,-47.9054002335792,-51.7381981926974,-22.316144998318,-35.8144490693394,-34.1804806076113,-18.0841866507252,-6.05648329795193,7.87350358259489,-9.67594522717959,28.8176510382407
"ExN:InMGE",-33.0425229177701,-31.6890525645299,-32.3635066949464,-75.2095834034046,-6.44360362474491,-15.0863206214977,-31.0451264941232,-56.1208598686535,-72.8429880825112,-81.6647749642778,-74.7988146302914,-90.8477876838226,-90.7199095895703,-65.5093000235434,-73.2438293853984,-50.4277672130346,-93.541351427165,-5.07694964514315,-23.8763257778893,13.8497541014362,15.0873273797232,24.0098412623308,-0.891000186263842,31.6234571777252,22.9350825630056,-17.968433992123,-89.2503237515572,19.88669052879,-69.8190147738189,-77.5360818942334,-66.4962751124253,-64.578969638495,-57.2734655510706,57.5083241474974,143.747914487008,143.99225037455,132.063765289647,116.973610512439,126.609912237375,153.371957938316,151.435161488766,135.04214473898,141.837229872066,109.735650397843,-49.11979975843,14.4789903984135,26.7092177149277,12.0895623345969,20.3599241031094,14.6404475316767,17.2944140570025,23.1847887493176,-6.94965979068637,139.677580688425,134.410821665516,134.524874539077,135.520147249185,154.223853733593,142.137956147717,151.386055637617,136.320774637926,139.014914448761,83.2167626230039,-62.3001331958972,-71.0612777968318,-64.7387289721647,-68.9768602059685,-81.020399940877,-86.8224811591656,-31.8313619880274,-80.1848702968135,-77.6227844756367,-76.9602457835927,-97.8444511852167,-91.9946464747307,-80.9810319678965,-48.8711364013295,-64.6424709803959,-79.5738294580911,-35.7969740567915,-55.3980231735133,-51.5905417221511,-35.0446385908135,-27.5135321422098,-18.3456682932482,-40.688413394368,4.64366533361864
"ExDp1:ExDp2",-26.6755719671909,-33.1122582809278,-26.3009583298824,-50.4737437155016,-37.1503517959855,-39.8010783596599,6.39004261607992,-57.8561592658062,-75.4580954202285,-78.8989105276288,-75.1737936614754,-82.372187156393,-68.0874867412583,-47.587643196313,-55.8725411646164,-53.1644311898635,-80.6492196872333,66.3300418036604,-8.23747483302931,165.054567212247,172.74436639487,155.969960465803,62.2465710866083,125.296583720542,80.1889253010197,-18.3752716476123,-74.6174537996547,42.9986488335084,-77.5517469459291,-92.7808287528852,-58.5012353723846,-49.2838223947887,-55.2597298730978,-76.9764159861454,-26.1995198039743,-28.4098020113183,-35.0968339984647,-44.9455141005707,-38.2472091668658,-8.44216040319166,-5.5448918532465,-18.0984435545143,1.14592994297402,8.13791164079167,-46.4659953853264,80.0164520947982,115.70455535097,101.299995993101,141.876788115156,170.317951479159,169.061602265234,124.700616010541,62.7729384772531,-31.2313869805104,-35.424205823548,-37.4237994937064,-36.0961951569863,-7.04031162122364,-8.22100785108641,-7.66064494093698,-0.47481103798076,-18.5522432536915,4.67023569478282,-56.9884133799949,-52.5816464944497,-53.3675615344868,-53.8551618649347,-77.1383682737441,-77.9660864697354,-103.750591016604,-105.706235590501,-78.4946887268612,-77.8049513256375,-81.2775149866777,-89.569250322368,-86.3408245872038,-27.0717657831245,-56.0265754203821,-89.6666066933347,-31.4921893958028,-40.5570709354482,-41.9293605620343,-34.0513001118348,-45.2687026560249,-48.9420541080024,-73.3911669071868,-56.5575300021367
"ExN:ExDp2",-33.0582527586844,-39.9297632666316,-33.8539025596748,-63.5248510208419,-35.4824135314641,-42.6542002039449,-0.961848770451401,-70.8325896683815,-97.5467833317798,-103.707155296336,-97.6373341936088,-105.38364612065,-83.5991789482285,-57.0929251580633,-69.7861945334312,-64.7908504255278,-99.909375809968,59.3299684984445,-14.3193175487691,165.863472959597,173.309615904963,154.158967454379,59.3500985357339,126.408876458406,82.1088692702626,-22.1590304766876,-90.3689760082048,49.9085036780448,-94.559211404471,-111.909781307944,-69.4635419455783,-58.0848213329711,-63.72860364005,-64.7543550588136,6.16072297367466,3.78353201915948,-3.06505782093407,-17.8585584434697,-10.1510269599611,26.8800727380266,27.9315226297492,15.4404726775141,36.0623216091377,36.5488533675729,-58.318764119183,79.3588905952467,116.057806734057,96.8795154390141,138.591787423276,171.051035547823,167.958445096293,129.791698345711,58.1966242204894,1.39294535301057,-4.90325991884838,-6.93491531903034,-5.22597879858157,27.7797159437935,26.9745684995857,28.5725737593227,34.0092972638057,13.7529487978973,20.472555285503,-66.6897639372446,-64.2864617204651,-62.6085600189593,-64.4131191539981,-91.8661837889347,-92.8809963342663,-108.712285603196,-120.327023007706,-102.344580057865,-101.146995878547,-102.082230013298,-114.201930471214,-107.260786882192,-38.4329510203259,-71.8654508671437,-106.192317259529,-38.8455667388339,-52.1955542769894,-52.4580041594709,-42.3048344788826,-50.8477527047453,-50.6986767890171,-76.1650399932212,-48.8394079612859
"oRG:vRG",31.8258595508914,31.3759952419523,39.1920181820319,35.5368573284352,53.4257243593683,9.09909813291356,30.9425371362791,116.749620727328,153.974812144343,161.964602511166,153.965501934416,137.512425719354,70.6240004583204,18.9009381534709,34.040076863015,-24.5803229403083,54.9734672564116,-65.433412044395,-61.490795313299,-51.9274971933044,-52.5098738035192,-62.1543496460105,-68.8449500685288,-66.7054601502475,-76.7999732620213,16.5610483135814,73.9206377560263,-28.8815615658907,137.634459908536,89.7879320648901,29.9726436638298,23.1727491724789,20.208248423972,-14.9563770963218,-60.8523491700038,-66.1609926468263,-57.6698318340059,-50.1091676420748,-58.5171321825113,-65.1500676813636,-62.8532214299517,-64.1357934741127,-60.5080067302666,-76.0392415466707,-44.7855314691823,-80.2626837795825,-75.4439385228123,-76.9991604608361,-68.8290586621019,-52.8330480790757,-59.5895268893434,-51.2859763662864,-61.6897984277045,-60.2791291986409,-60.2219719431673,-60.737100396458,-61.6014374986984,-65.05064799984,-63.8166867076564,-67.3982141733217,-80.1902241696872,-73.0361060654664,-69.7391275817295,25.0436148164309,26.5869484484198,24.5235512441153,26.6172168669136,58.1445373641422,68.3674038827828,39.0468345968112,58.1721129380679,159.988281530413,157.584583804611,109.61311456703,145.304282764786,147.633544169916,78.1602592428158,115.94871514698,123.465005270995,36.6014315073632,41.5423850369122,48.2338049687389,32.2062203649201,27.2023891481622,52.1001561919926,83.494930721204,41.1888858426881
"oRG:OPC",30.7549683987053,29.1433077661691,36.5651459826752,56.9721531431075,66.1742967426765,11.4744183588373,108.151216513198,105.956983734948,94.2673507907734,90.4243353606449,91.4783652226348,97.2623051593455,85.8117197947776,54.7539484284454,62.4920497041485,-29.7184755441981,43.21292892887,-85.6642512506108,-84.8623110786699,-44.9205082085015,-42.2927008925508,-62.6524887368827,-67.4353380128437,-60.8806344120165,-65.4745069525191,23.8719657912395,81.1717693561917,-19.0216649377487,84.8313038673609,78.6399258793921,61.0740900271552,59.0391659292539,54.3381544582255,-14.5343247932976,-57.4569285910088,-54.1591110075839,-53.2448200890494,-48.9965397263647,-51.0840041728021,-58.4801843094994,-52.5674094841628,-55.8924263461641,-50.3638682794922,-59.5268457376086,-61.7328108457608,-70.1302427317363,-68.2045165320914,-84.4801294779348,-73.5114003401232,-44.4625628751656,-57.0913663992407,-38.7976474353401,-63.250298723708,-56.3733689457167,-54.4470220249686,-53.3621595386762,-54.8104230722516,-56.0541801934114,-54.1031307929968,-57.0888901919879,-63.8771765875995,-61.5630992552999,-54.7341333448996,58.3355442637476,60.9734394978395,60.4942007972418,61.7176405419495,77.6928152030548,81.0163283665279,52.7859200284305,54.9448207035228,93.143011966882,92.9085875547737,98.016576464937,99.5087066456355,94.8717737859934,118.652336985558,115.604501411017,107.8528598289,32.4338530795849,47.5997129125895,43.7218958151785,37.813773025676,29.9077452415782,61.8371164455174,83.3457991260737,46.8508098364748
"PgG2M:PgS",-5.59458433356063,-2.09733636791301,4.00424124503834,98.8402453541042,-0.19962951496694,-3.72790790447288,-3.73938815723382,10.5480427555181,20.3451585492361,20.9175189775195,22.8624931307804,61.8133557455776,114.447270074135,120.746452799697,118.942082023437,25.2868144492118,65.4918937206171,-52.3129827441842,-54.3944274182415,-49.7664506795188,-47.1528114389107,-62.5484945063996,-56.9822564519501,-55.4889499996229,-55.5221428545354,15.9076327304489,103.508878502497,-31.6394270041546,36.1171070726092,87.7305260047601,122.588090911924,121.395174047518,121.725469913153,28.826441290171,-47.7362459212298,-49.7354828066271,-39.1470605327227,-35.3629924110241,-40.3349706563384,-51.0532310302822,-55.6342516026831,-46.6701517338386,-47.6405180818676,-60.6889948746045,1.7279567228658,-59.9561397220622,-59.0306170052568,-60.3846281175854,-63.6973771498309,-48.8235529118471,-55.0181548582369,-49.2844407066088,-35.6318840560455,-44.5395935144312,-43.2043569740835,-44.6198542373507,-45.0497015183897,-53.9410354206135,-48.4593804215404,-53.0688481779559,-60.1899191716108,-54.833642357261,-52.8277772273223,123.053694301308,123.522019590719,124.647647174525,124.356846787212,117.470511311569,110.545906861237,92.9559688839599,82.1174466570125,20.924142940309,23.192418936532,93.5984819292509,58.238890333583,46.8658854096472,3.97021212108372,24.6616429008241,54.9586662504776,-3.65619456857216,50.8526196440135,23.5365808940139,20.7710397160322,8.19906806028063,4.78357898176261,25.0079246203035,2.76688241905421
"oRG:PgS",14.885931064597,17.7868886819311,25.0970874711564,102.912255688066,37.4402920597892,3.15475540019696,47.8942058430921,65.0061737196322,68.4231299408112,64.7660141764471,68.8231912383487,112.274778097745,137.342107681986,120.493737979411,139.5080100082,3.77908442773575,80.4185305388415,-91.5884852726678,-100.264090031067,-66.8763659091042,-61.7402899431558,-88.8365441371576,-83.7924462858387,-86.3546033162738,-92.385332423348,25.0129260212457,125.550929353241,-31.1208783352727,78.2680198335861,128.996235653581,139.631356185554,121.601717869576,129.830816809866,14.632500979047,-64.6858991286573,-65.540017400948,-60.1126391217377,-53.1185216291937,-58.2313110267409,-69.2786828391516,-67.822761628189,-67.0626349069055,-64.6135129592556,-80.816386031051,-34.7656610703688,-95.0108288162696,-94.1050614142812,-100.474427447437,-95.8137331327123,-64.9149451819572,-76.255042280809,-53.6665630806019,-58.1673918971241,-63.2690424965769,-61.5725928097341,-61.4444568526936,-62.5771680587586,-69.2401181644681,-66.670621310889,-69.9216807900182,-80.2476743439249,-72.2212492253064,-63.4280346914413,135.234706328436,132.238278692962,129.650283129405,131.659989247241,141.527164592493,133.56220519579,104.897175011733,99.5024033070338,67.3852256296342,69.5346572192083,133.19541440812,104.283417323848,91.9762286508219,61.0845162160678,80.2394496619248,104.831603764899,17.817013398508,62.8423944330293,43.7741397033288,35.801577888471,22.3584918923496,38.822379215562,65.6752770572744,20.3320741468218
"ExN:PgS",28.7021390141201,18.5153471260324,17.4017817112346,47.1876542424218,17.2080972869249,-1.06550135526091,46.6839391115505,22.8713144313352,15.1636014283428,11.9862224889989,13.0816133186578,29.2963679277017,50.292120919138,50.5816969025145,53.0942488443905,-40.8850272991261,-5.07760915765947,-25.6979268477803,-99.4272705849311,48.5051839504115,51.8807734150968,22.5278365614963,-31.27344352239,17.6455174040132,-21.0940449651198,21.2830557982249,39.1886881663047,1.42897114056663,19.1719887128099,30.5763162569343,50.2204605579089,49.6394703591985,49.8729031805662,-31.3420982078064,-50.8462875514259,-51.6240708354987,-50.6416731315983,-57.3809759267519,-50.7999904420056,-42.1468792415983,-39.5317517738811,-44.7752273055732,-31.358716493194,-48.1912086385878,-74.0538877497352,-26.2365695982439,2.31684800553237,-11.3409791274718,12.8236177019377,50.4203586320177,39.347080125295,20.5951864756501,-25.2843881207008,-51.5539903660543,-51.8691571425719,-55.7320480743295,-54.4382681186103,-41.2693047517814,-38.2427904999923,-41.1074150442743,-48.0691128952306,-51.98501438473,-39.9486987659784,50.4084048766655,52.9014438870734,50.7053005261153,51.7291682034046,45.4986980093777,41.5745405319493,18.3884635497,1.23999153149983,13.8496539536892,13.9749348143134,42.9953379257695,29.498094431378,25.3064622706387,39.0466197179878,36.5449015101506,29.2518543272589,26.2022666991023,33.1914604155902,35.5138612043169,30.7201341046824,17.579855002347,21.1140925622967,27.0815249399497,-2.5349511451772
"Endo:PgS",121.07856433042,98.0380718395072,64.929621187976,52.724386590404,32.2705466510134,72.9979641501692,26.8047598656526,39.3682123175852,25.7036113264105,26.3451925510258,18.8588985769897,15.8011930696177,9.67123473858115,-0.380910294259206,-0.752959955635305,-24.0235847497373,-6.13705838992897,-43.7104959452549,-48.621777333615,-15.6981928614599,-13.4137526737778,-22.7305247134912,-39.8014001238906,-21.9613106545401,-33.8363187128288,50.2466429919571,21.2154739510975,9.74603917624912,32.4759863172448,21.1685690270768,3.02667803662512,4.15076051504119,0.0977126464767003,3.73354044468352,-16.5020292272218,-15.8251715971233,-13.0967696455859,-13.6933111204112,-8.32090736548458,-21.2985090285828,-17.7227981587316,-21.2825248794011,-18.7779983823401,-25.2109035850908,-37.1261428771746,-39.3185951338777,-29.4112959269121,-41.0857380002956,-28.4035067471272,-14.6854230090672,-18.8150412657095,-4.53466825460453,-25.3930820181088,-14.9711188794967,-11.6202601771353,-15.02335363824,-13.6614278498368,-19.6595315631393,-20.253164189535,-20.8082384990956,-24.1714463983026,-19.6372590730138,-14.2928436103738,1.63797035110093,-0.529664094488906,3.13950711806717,1.51106881990295,11.5027724962085,17.2815897265801,13.1813665040485,2.47685111779036,26.2748810088239,22.288431648302,13.9298267895237,20.2309909448531,28.8137510481971,36.8884673819406,37.8983517699762,35.1225338818082,124.293274025872,65.0978491041727,108.984802310939,87.7264933777014,91.1991621828676,70.9244565601054,63.1059118439216,47.8979148379881
"Mic:PgS",124.196845442913,96.732642255988,93.3379978134239,61.1093323662553,45.7097635761004,172.402563458161,42.7507980123461,67.0848162532334,51.5061262168133,53.8931893584788,43.824001684375,41.2469895986433,27.9605411371098,10.2279283498377,13.1131995058193,-30.6233371647032,4.45931122597082,-49.7257341860593,-76.528511732309,-22.962584718492,-19.4853638942446,-41.9036358937069,-62.7150564190119,-31.6058044090454,-49.6151781734483,58.6982321461155,40.9749498022678,5.728976325738,62.8495411045747,44.3198592851511,15.5935912101899,14.1083961914052,12.1384918343786,5.01374277302597,-20.3932099235421,-14.7956138096217,-9.21294141705845,-9.50666829594212,-8.04195990708438,-20.7393666835476,-17.7638558717753,-21.2767325943006,-22.3782157202777,-26.5735621572899,-51.1609284833898,-59.0670726343339,-43.012476088612,-54.612794400372,-47.8606599256448,-21.4789148150441,-30.2769187018258,-12.8010965588791,-39.3498385317203,-14.7466690527352,-11.2430081055244,-12.6489916922007,-12.3579951861663,-19.5747695721813,-22.440995440116,-22.1217736223414,-25.8569300720566,-19.9719629309946,-16.0001222809215,13.9302766518716,11.9425111014378,14.3184169002037,13.4875886804081,29.0984053835818,36.5124446374761,29.1383651795327,16.7700519730636,53.2523689775738,48.4819755992336,37.8511574864103,48.3316629646925,60.6978363134877,62.7119310367341,72.9522427980227,62.1762817481058,125.896079390639,86.3800953165097,124.904579036999,99.4417431892633,151.606247643112,104.15207548734,99.9839717113514,65.2682081828185
"Per:PgS",114.350229763496,156.823604663707,125.789931151951,103.728785137358,45.9528915922546,84.0655826478256,48.2819338450878,67.0798151192387,53.5302950226656,52.5240113859756,44.8536808618902,41.7248287502915,32.8289406094366,13.6440285565226,16.7959472431158,-31.9613728337938,7.08929312225291,-59.9165295380451,-64.4854609926296,-30.886724282571,-28.4297538240497,-45.9659349443224,-58.7641694525598,-47.3092799294819,-59.4378195314872,55.2809813728064,43.4355944120927,4.42244856098687,70.4273667364412,40.9203991290496,19.1724978514692,17.5527363129373,15.4323751022804,3.23769773824832,-30.7907720057788,-31.7491761659708,-22.8155651328937,-20.7958625582192,-20.848692992699,-38.156229931227,-32.7890637552233,-36.0972558647709,-32.2962451721021,-40.6706537752513,-49.8131192561561,-62.2883126907142,-56.7679550201199,-63.9221658042536,-53.5580824950983,-30.0692833452547,-39.1862355682675,-19.3112307599246,-43.5505545705897,-27.2817724318024,-24.4470639949129,-27.3963549681814,-26.6049955677055,-35.9945781114663,-34.6447493582427,-36.630974813543,-41.953136843172,-35.7007363852792,-27.8804801467228,17.4538160717304,15.7483246488208,18.0241234131656,17.3591827292381,31.7904597465787,38.6513953925743,26.0939122214918,19.3325765589875,53.3878116941966,48.9557628350003,41.4573150660438,49.7533046263193,64.1640178214677,64.5240682865612,69.4427025018228,61.0543865219768,146.192713245208,133.806356086902,153.443268661286,107.433768744749,106.072789323583,83.5036249534279,78.9293226382542,50.5479592167362
