"","Endothelial","Mural","U1","U2","U4","Microglia","OPC","Astrocyte","oRG","tRG","vRG","RG.div2","RG.div1","IPC.div1","IPC.div2","IPC.nEN1","IPC.nEN2","IPC.nEN3","nEN.early1","nEN.early2","nEN.late","EN.V1.1","EN.PFC1","EN.PFC2","EN.PFC3","EN.V1.3","EN.V1.2","Choroid","RG.early","Glyc","MGE.RG1","MGE.RG2","MGE.div","MGE.IPC1","MGE.IPC2","MGE.IPC3","nIN1","nIN2","nIN3","nIN4","nIN5","IN.CTX.MGE1","IN.CTX.MGE2","IN.CTX.CGE1","IN.CTX.CGE2","IN.STR","IPC.nEN2.nEN.late.1","nEN.early2.nEN.late.2","IPC.nEN1.nEN.late.3","EN.PFC3.EN.V1.2.1","EN.V1.3.EN.V1.2.2","nEN.early1.EN.V1.2.3","EN.PFC2.EN.V1.2.4","EN.V1.1.EN.PFC1.1","EN.PFC2.EN.PFC1.5","Glyc.EN.PFC1.6","IPC.nEN1.EN.PFC1.7","nIN1.nIN3.1","nIN5.nIN3.2","nIN4.nIN2.1","nIN5.nIN2.3","IN.CTX.MGE1.IN.CTX.MGE2.1","IN.CTX.CGE1.IN.CTX.CGE2.1","IN.CTX.MGE1.IN.CTX.CGE2.2","IN.STR.IN.CTX.CGE2.3","nIN5.IN.CTX.CGE2.4","IPC.nEN1.IN.CTX.CGE2.8","MGE.div.MGE.IPC2.1","IPC.div1.IPC.div2.1","MGE.IPC1.MGE.IPC2.2","IPC.div1.MGE.IPC2.3","MGE.RG2.MGE.IPC2.4","RG.early.MGE.IPC2.5","MGE.IPC3.MGE.IPC2.6","IPC.nEN3.MGE.IPC2.7","oRG.tRG.1","vRG.tRG.2","RG.div2.RG.div1.1","vRG.RG.div1.3","MGE.RG1.RG.div1.4","OPC.Astrocyte.1","MGE.RG1.Astrocyte.5","IPC.nEN3.Astrocyte.8","Endothelial.Mural.1","U2.U1.1","Endothelial.U1.2","Choroid.U1.3","Microglia.U1.4","Microglia.U4.5","IPC.nEN3.U4.9","IPC.nEN1.U4.10"
"ExN",-41.6595824272567,-34.3046650244648,-28.5659411932652,-63.064817418565,-25.1052797951384,12.2455616513683,-51.4508640613791,-72.0577981347901,-72.1673307619882,-66.5091047880006,-69.8149186509613,-77.0038962624701,-69.4229172008607,-51.6654751524631,-57.0362013532897,146.117617597691,185.641758787064,21.7791243104699,70.4149951242202,139.680020976274,131.111020790538,-35.4596027202481,-46.6666054465182,-29.8823079829632,11.8603584351384,-45.8230946191594,-9.66227330080303,-17.7382177930867,-69.1149876922219,16.6861121477684,-65.1550604509924,-50.8407037013166,-54.141858729983,-56.5806541615116,-53.3454384684801,65.8264744092823,58.5654297129991,59.3118014622899,43.0449187599225,45.4673956768762,64.4372490132823,41.0557243471964,38.6389666507478,36.3481497839999,28.5516926495052,61.2761601522602,174.324059556663,174.079286175072,181.773881370564,-0.117566904492525,-27.6839912036874,22.9699841368853,-12.0927119207138,-42.3167332770178,-31.0289772288106,2.06892990557346,97.9114378546032,54.6807767128785,62.1549236442783,57.2220743551961,61.2835576087214,41.4461866450305,33.3733407154297,39.3915588499052,54.9328522112584,61.3985863681157,80.279627146043,-54.5663334427189,-56.0071934273769,-56.8529175729245,-56.9707299334013,-60.0214905654704,-65.0035513216,1.91696513233883,14.5275593855015,-70.3409253804726,-70.7221504015914,-76.9221988396845,-77.6790594113141,-74.0828120436288,-71.5913700142428,-79.2319517675542,-48.3818292668949,-41.5739944232891,-49.2169364407742,-51.3524529349203,-34.4509044228773,-5.72078527896623,-20.8082639396901,-30.3708247822792,23.0574824482172
"PgG2M",-2.39872771645613,-1.07330752434458,0.913147857551337,61.455976313649,-1.13515562832552,-1.76348071709472,-5.44903053501546,6.87282420327476,18.529440649918,18.2107662945219,19.4546439887382,50.4108139444375,90.5040989725819,93.2589899051069,87.9809799328131,10.4132072486019,-14.1576472228757,43.0679529107057,-31.7115878816157,-41.8860140078723,-35.7812593687164,-30.6050289875225,-30.2435683395193,-41.5095581518334,-30.8459806528508,-38.7090401125113,-37.9144731268832,12.7612694962007,79.4525197723985,-29.8391814938656,25.2142391968354,62.7397959761843,88.726542780197,90.3201500654111,94.7345621241949,10.480961045268,-25.2014067649578,-32.8243550862511,-21.4398708883116,-20.6171561546874,-21.176834602391,-30.6770262783785,-30.6490528199946,-30.3947625538272,-31.7552748056637,-34.3154946408262,-25.8470698349598,-34.7857741409993,-3.23305041084398,-38.4141938837254,-41.4984839108544,-39.2046974658826,-41.8375250684305,-30.7863208828177,-35.4082773713472,-38.4893063114341,-27.6739861122479,-23.9553997384558,-22.9143859828717,-27.8518127784555,-25.881815573963,-31.2343941164384,-32.1553765130412,-32.5360730181497,-35.1903908875199,-31.3494044254093,-34.0696759438434,92.4833798238758,93.7484406652592,92.8019224440174,93.5789459341546,86.5630469624592,83.9162135035042,68.496543120337,59.954046714688,18.9240522687624,20.4768425866966,77.4707050651918,52.3000372154107,37.7787625687362,0.553338375786729,16.8878339642435,37.8813609922373,-1.39485846270963,28.4902357291539,12.8603799337026,13.7819652787036,4.75958088885712,2.67578906627731,15.7886692618247,-2.77443740006937
"OPC1",26.2836113239932,31.7738579123968,30.6754140901515,55.7020963435963,42.274422255584,8.31631204075238,92.1758636274531,83.5768346626724,66.0740220403394,65.1200042286102,63.6076700216502,66.7460498598067,62.1769225939831,42.405024437511,47.4136331067535,-24.452862128622,-37.7326935008812,28.3108754280578,-42.7947379697525,-60.1528241565417,-52.7959444264964,-23.4782786698229,-20.2850842904718,-39.4946970726069,-43.8432596063179,-37.2668917811279,-53.0254315622028,16.150250540113,62.5739992263723,-18.5860638142099,71.7700455144261,71.1719581737491,43.8986403494999,44.4231651686631,45.7661118482372,-16.4124536963306,-36.697222643173,-33.354352849982,-36.3493822545084,-31.6506450345272,-31.4330847902496,-43.3340732017466,-36.3131991923129,-38.4377347745329,-36.284763172422,-38.2153233752475,-48.6464647615271,-57.1580463349102,-38.3788939112303,-53.7305677785315,-46.214538956043,-48.8705312033295,-44.1334799822085,-22.2407887745241,-30.3956600720794,-27.3684541022077,-38.4355383054639,-37.6688291762853,-34.9997760097042,-34.0341330145702,-35.095874440739,-40.6880182946529,-39.2485180100842,-41.856408260303,-41.5926534171612,-39.2873911907088,-31.0602191980033,45.1486824668026,45.9238385160217,45.6254687560342,46.4637614344753,61.9462268208708,63.7421554845908,37.0530178729242,38.3062155683521,66.5184412575793,65.8003196510999,69.4760400087231,73.2901125282787,77.4156182925925,100.96232554728,99.7412240431882,94.1128944328098,30.7566542812318,47.7260341307983,42.5930050197518,28.3294714916754,20.6400169718699,43.7902458175486,67.2284278693495,33.1410505230743
"End",120.153324569047,88.9023386874998,69.8206023466905,43.5092268554099,24.3654511117061,61.1533416885006,22.6074090783261,28.1034016139545,17.3069774542932,16.4189778438575,12.485401229851,10.0338034978398,4.90104338355395,-1.55188967517552,-2.3179849532506,-24.1143216847833,-32.2770154087886,-4.11777385285053,-32.9302711596809,-49.182191622845,-45.5252097755469,-16.4698077916819,-12.936291437078,-21.5022581086635,-26.5938500481269,-21.1902253463825,-29.7781761730068,61.8879894811797,14.7625506157166,4.20505303574139,26.7524805306958,16.6674611038776,-0.386990195785718,1.64065840314359,-0.799975195675385,0.740443340724461,-14.3354285665104,-13.0086052857306,-8.96982275188608,-8.72533752013351,-4.53230073029177,-18.1434735072198,-11.7674770127068,-13.0894316276882,-12.2076747639009,-13.3455604157619,-44.5260902756891,-52.8889981900846,-35.6030061382381,-29.254619108277,-25.5707604300934,-31.5142352532292,-25.3399126131181,-14.8588196495758,-18.5950327177143,-8.02146459082756,-26.2174905595677,-11.6435121415038,-8.24120509151757,-11.2988622673048,-10.0675932415948,-15.0113440976221,-13.0105954685951,-14.1924233778679,-14.1310486744079,-12.4158191772096,-6.85356135292211,-0.53778961367772,-1.89085924126754,0.717650645782178,-0.449994681390364,7.58984545131121,11.8672643561135,8.75628879161253,2.12450843335795,16.9673633263323,14.5529366552307,8.57990729317796,13.3136241670187,21.6814880284205,28.8847847515406,28.0137153860125,24.3398251643169,111.440679481336,65.4136031509775,100.31654510755,89.6884461179328,86.0541749018859,67.2762522456046,55.8384073788368,41.9139538461952
"ExDp1",-22.6631038574382,-24.9214406067125,-15.0011430236551,-46.694105504824,-26.9756880485092,-23.8531310902728,5.30619231541228,-43.4737836792937,-54.0759962773411,-55.1415121860096,-52.1717461997747,-64.7616365994194,-64.9638569343555,-43.7718360990704,-50.2289715746046,-31.6251375875156,-31.6791600339357,-56.5027312200071,69.9256554709323,-0.930623956436184,14.5052524398045,156.232843510802,162.21874047677,123.523781122013,55.6184613131167,93.4091438596002,65.9667670848473,-22.0775787162844,-62.9574109499941,37.9594349606201,-65.0715933436361,-73.161625071672,-49.8741869569935,-45.8531427796149,-48.8559490336773,-47.1690139462199,-19.9306423935499,-19.5727875558044,-28.3552685685111,-31.341906163404,-28.3566779207482,-8.95718855930472,-4.61917096511652,-17.3246094260137,0.869385784118385,0.176334317231131,-10.7532381051694,-6.99123891141204,-24.1916491976925,76.3715578366006,96.5464735363766,101.883525396155,127.675172813056,164.994588551487,163.455403782123,112.102747862402,47.4847629159699,-25.3219098709059,-27.8410572228371,-27.1639935403893,-27.616841000992,-7.05860663518206,-7.9132562175014,-7.63627278755867,-4.06579971262124,-16.0992530031004,1.02310741127134,-49.7898508373983,-48.7882874848231,-48.6513424576311,-49.6085165646031,-67.6408344017265,-66.6944631086816,-68.0715676953913,-70.3372727420686,-55.5092074866101,-54.6921776171668,-72.2131244069376,-69.0488636271503,-71.9568113554967,-20.3673552674345,-45.5780963148763,-68.7782685886383,-26.0307905886979,-28.8838098237541,-30.7042547758657,-31.2094910885862,-31.2729003430175,-37.0010658330207,-54.0658100398703,-38.3111571774208
"Per",100.322958480784,129.809478066928,81.1226793371215,85.0565732743777,38.8230790961672,54.4697790453744,37.3645742334403,65.1287509594292,51.3976111245582,55.0782924415366,46.6711894124648,46.5570846844423,32.4509985981749,14.4029833967317,19.4239641377352,-30.2963966487056,-38.6052997377524,11.9721530635636,-55.2371093596722,-54.1118036653266,-51.972108368154,-34.5922303611697,-28.8869722370943,-44.9211862746358,-40.2851097598683,-37.4026350860273,-43.2879777368998,56.2919267845518,46.7722003834386,-3.91875764556533,78.5660840752316,58.5072002730016,20.3779543244758,17.9171653760951,18.7383359347045,-7.81240397850192,-35.171544057248,-31.8478128766641,-25.1363174913533,-19.9665441067803,-20.3946950468514,-34.8766416507847,-29.7201806693011,-26.0935212016545,-25.2923865841922,-38.1436408476328,-50.8894641659971,-56.3490872002027,-45.4419946578928,-45.4200451640017,-43.562969754463,-55.1018346611218,-51.2269227574385,-32.6873058862323,-43.370188524652,-24.3344831280299,-44.5157930718514,-31.4120797598392,-26.4763733392535,-27.6236538297871,-28.2601369037683,-33.2125353062179,-26.8298625272101,-31.3128410869537,-37.6262015099322,-34.4688190130571,-25.5286818190164,19.8843970194677,17.7342800146881,19.3266661531517,19.1433755720528,39.9514307890968,45.5738448469854,29.3180977150583,23.4689253511774,53.9344840107868,50.4571274944034,42.9713006152456,51.1813735315488,72.4606132585376,55.7654272599894,68.1713837123923,62.9636125778479,126.593418627609,92.0537950795981,127.431520237609,103.558471659489,85.6223900806948,78.8376285614199,83.4677395645412,51.4039524550522
"Mic",81.7639565143839,61.5291907765506,68.6004911360788,51.9513309560769,24.2525332594355,141.986818846684,29.7592011435221,46.8354362202069,35.4590094185268,35.7410206910672,28.37974136977,31.2797830277556,25.3660821178243,9.96009911541601,12.1665603468829,-24.5352679882284,-35.1106387579558,8.31293453032031,-44.1033755569752,-47.6097738556021,-46.8241376822761,-18.4352165255853,-15.2288983511419,-26.9159410490364,-34.1588625487519,-26.0575412892926,-40.5945175974788,42.8882880763927,31.9936003223202,0.948871837356551,44.3444516370544,37.3963599559284,12.5468817566921,12.8662109912973,11.4184882166799,-1.9388926473813,-15.8227055941576,-10.8937075196638,-9.0420267526442,-4.10689567890129,-2.64535642572948,-14.6403226493134,-10.9793952376362,-12.4604155302285,-12.8092444695079,-15.0307306757812,-45.1006527764142,-49.715836667657,-35.8160230736059,-41.3248422551634,-34.5722529438196,-42.4357302963868,-32.7293641934898,-17.1927653468787,-23.1193739951266,-11.5717278172906,-31.2786208262119,-12.5250220153643,-7.19001527144247,-7.772360034884,-7.74640321729656,-13.0774297016345,-13.142415460434,-13.4396171527552,-14.8134384516996,-11.6781814482211,-5.69947731199306,12.1174211635552,11.3132077999972,12.782490584071,12.4204930657451,25.3231023087298,29.9553503023635,18.6611089729146,16.3256274082502,36.0018935462605,32.1122198874416,32.8952688445038,36.4611882290868,43.5043386871034,45.7688240046479,51.2859459499925,48.5738620438268,77.6236216543761,68.7886711272876,85.7040110720164,72.7276679022035,124.568526969484,75.9999916212639,70.1952534195984,49.428439751691
"ExM",-55.0691944514022,-53.7422138450634,-60.0759554191907,-76.3363482256063,-69.1754056090395,-56.0419117993526,-47.031893781679,-77.8370205260979,-82.0023481912546,-87.504775641229,-79.5957186044407,-85.2909356770389,-74.4923451756209,-59.8874213712862,-62.3583816570905,-52.0660614137412,-26.5117813541573,-109.900733541924,73.9992737662791,108.092510639841,47.3740752317445,46.1602806603701,23.0167618528939,123.455140249487,134.470751699642,119.166671995758,135.709469704809,-69.3361003489761,-98.7997245151186,-7.64035143795163,-112.618969709858,-105.762302485748,-62.7005888688386,-61.7238050794126,-67.9095057357996,-83.5188180817673,-56.4455438565476,-41.6635885418246,-48.090876014791,-43.2740380364546,-49.4671164271893,-27.7929185171835,-34.3454111522187,-38.5519689340057,-34.4914135094455,-47.7910288673317,9.20707512665996,60.4415210348398,-8.8525888307638,149.594349892003,137.502247125597,113.127021310621,121.291330859559,35.6013715616894,72.8121761805152,25.2183425748672,11.0348271271872,-54.5490037703044,-53.1103939161544,-44.6051986636126,-49.2829515226075,-32.0464953550518,-37.8321554628954,-36.6395631071945,-45.372898692876,-48.5734476437178,-47.5474632817649,-65.7879384886057,-62.6403028568215,-64.7576065805574,-64.8382073238747,-88.9579285941936,-97.5637090528746,-112.048032126808,-127.725325764969,-85.7876391037349,-83.1007745763313,-82.844180975485,-87.0995668766997,-102.678244990871,-71.0918003797752,-91.4555811550751,-123.97671623488,-59.7457721314533,-77.7695846109795,-75.5732826725317,-83.2228669122295,-79.6788272157385,-97.2445239854593,-120.760505496139,-111.821599272197
"IP",-1.75735804915789,-0.0126276388677123,-2.46609912350182,17.5389623502285,6.72120009990566,10.8555221898351,-15.0852536130222,4.97829580426594,22.2088256738387,33.939145281719,24.4830508245158,39.5299267832395,38.866398597242,38.7911887692625,49.1004672011991,118.930067037106,93.7965660333722,136.848023743278,-9.40733387183427,3.54506996951037,19.3838016662856,-49.9428213210561,-51.2601437227884,-61.9118593165134,-37.2627834836712,-74.1039529435181,-55.9581532980498,13.8201881143155,50.1089309073931,-12.6042415595695,32.4526176550116,64.613102894774,44.9194784137985,35.5011173325223,39.7522275136212,44.1240174475874,-4.27252158570657,-14.1680169199507,-8.61973860737996,-2.79722458722029,-5.67622522380179,-32.5818286864082,-32.4343463951411,-18.1969275580732,-29.8935056791978,-8.63514796227744,62.1540068380267,36.5153204859304,99.0324391504121,-49.0207514656942,-66.9360001575,-39.9622155859842,-56.9287756044126,-51.8954277032582,-57.427832927416,-33.6612157548809,33.8587123050959,-6.78672646460457,-6.41552221412432,-9.0657293451206,-8.08985886132256,-33.1208093625945,-25.3009089899928,-29.3992594355456,-18.4424135300246,-12.9055510849739,14.341284779717,42.6344616746951,44.7694527617483,39.0589254548939,42.6833892501863,54.845354522199,54.1397068543612,68.1434579627319,123.581180015086,28.4161792246929,26.8820047288091,41.8251558239978,37.5244525141444,36.104477697423,-5.81413991947218,12.0505860035332,73.9719410379213,-0.9498761900929,7.07944958273059,3.25471038264178,9.74548985406861,11.3537683924877,12.2060418451201,38.9551021294781,34.7193151810421
"ExDp2",-18.6826438368565,-18.2935260614332,-11.2152084604853,-24.1550694621697,-20.2902157634204,-20.7912577347109,11.4645414132801,-29.7871940002867,-41.5387311274832,-43.8376809700997,-40.2505359716105,-50.3021278881364,-40.0616952142046,-26.7718772373219,-34.3219766499376,-40.7728670682668,-31.2966950643218,-57.9294121436024,41.7581563785773,-11.6184397084521,4.00613020479832,120.596727203704,130.119631766362,93.9696723000206,30.7053226635806,75.6819172451012,36.1262328043235,-17.7173159469292,-43.6387578754303,40.5241000275604,-50.4195560235265,-59.6459097279322,-35.2210658245867,-27.8566178106355,-32.7045207000096,-58.2361176628746,-12.3484063142978,-12.4744860579476,-22.0067946344933,-28.3653779403218,-25.1466941625855,-3.79191045339502,0.0611521503887108,-11.5822762375951,4.10203718398761,3.95248915772355,-17.5695452326397,-16.9186935210737,-34.7027034477853,36.5629344722312,63.6650767652692,61.1388908554318,87.654129616455,127.472082888231,122.953414791227,97.3311180047811,44.5595054224543,-17.9427352471799,-22.269450655197,-20.5322681637862,-21.2787008505047,-1.93053199616293,-3.50478440928896,-2.67043927261629,0.498437235132883,-9.78462160462858,3.57755216757548,-33.9959831050605,-30.6721184064278,-30.8149433715754,-31.270900359196,-46.4149617138693,-45.9868348174238,-64.6959810205531,-68.2431419279342,-43.3356433156681,-42.2968885524888,-48.9785786934359,-49.5535163863116,-51.5557098509014,-10.0067151758802,-30.1178007470621,-51.2858411487592,-19.6705676441391,-18.2402364527209,-20.6902562115289,-22.0378911423614,-24.6411494925023,-27.8705406151321,-38.9622284231398,-32.3918035278202
"ExM-U",-30.8277922941234,-35.2050700968176,-33.6908371747433,-49.7306647123403,-47.1776208854623,-35.1453884786524,-14.9493165878047,-42.8168204220781,-48.3068296230855,-53.4695155946987,-48.9840911095542,-60.2394679240015,-52.9547805277959,-39.8652359831988,-50.744966410585,-58.3091850876433,-49.8079151359319,-91.7979699766886,32.8570892141627,16.6779512882324,-8.50407922248194,68.253818202553,67.9761427961804,109.995448422811,55.5233857034891,132.013357597232,108.707144641173,-34.1477515336742,-70.9016512677048,11.6448184238665,-70.1956682101282,-96.0923766804718,-51.6136630426059,-41.4267016894639,-49.6168712319481,-73.901803226806,-45.0971380759019,-39.7318272939974,-44.1426733877232,-46.3755105700851,-49.8907380463002,-25.5942294416993,-22.7656825488895,-32.1221441652057,-17.5716963945201,-22.5844747328883,-32.9186758279719,-9.41500734781389,-44.4772339865702,89.6755461126832,122.910973846076,80.1974690793599,100.870232011967,69.2261364093419,82.7545545905898,47.4757823508508,10.8403035382138,-46.3733556638778,-49.675094226636,-45.3260264911774,-48.6135977470904,-25.256549695379,-25.0986963290643,-25.8397875577523,-26.7073078716309,-37.9731782686034,-30.8851049526107,-50.811847578088,-45.5856526983605,-45.9405541496977,-46.6880785304969,-71.5685075268222,-74.6288952843355,-108.411901863482,-118.428125162158,-51.2033688847819,-50.5795286015303,-60.5348081522644,-59.1384648856538,-67.0568711766217,-36.6524213138875,-53.9685699564344,-89.3446465790416,-36.3898311989762,-46.8726319634521,-45.7002035355558,-45.7863118758961,-47.4504813769071,-60.1559663760048,-81.8788817483363,-74.472242045113
"InCGE",-13.6420050910107,-12.9304125780803,-8.84362966229603,-31.8108562922288,9.12197871650316,3.96321220418691,-17.1443261867902,-37.5285219523663,-50.7048186320337,-49.2540754076589,-47.7689484147075,-53.0721841955054,-51.8371515167238,-38.1027777514902,-42.072689649067,-24.7388955438505,-14.8615316764222,-44.6808069945993,-24.8188658456112,-20.7063359899879,-16.9134598022885,-19.5868881118517,-11.0152570414017,-21.1846286324588,-27.4804974939016,-22.8137403310239,-23.6249334237337,-0.787916647351354,-49.4396884086497,23.3299210397861,-37.5823789736045,-39.9078377734761,-34.9259081143569,-36.3915242228051,-24.0516934273231,70.4948352998386,100.276484449348,125.99077520281,110.424269487573,98.7596821521856,98.88126450817,120.540382292671,119.983289034358,115.110888704944,116.536664958795,91.1140373531605,-17.7248121577385,-21.7212141731632,-26.9608191283721,-27.9379092218551,-26.8038232931194,-28.3506229939651,-24.6084563058041,-15.503036550746,-19.7637945129128,10.4970974609032,-4.50538987962573,108.791740568436,105.704350897387,118.738867881467,113.96110269321,122.986681035718,119.334758115327,123.109971717568,110.557135963568,114.790630651311,73.2153425756921,-30.093655299065,-40.8565190852145,-34.5713069101186,-38.3871294450991,-42.0553556726255,-46.2934345526606,12.8852832850042,-29.7686103719589,-50.8788550353235,-49.8862135892022,-55.5746165676332,-55.6352983402737,-49.7872618834262,-31.3669237526107,-41.0099557637495,-41.7065240990716,-14.4979825499309,-20.8170151427472,-19.3157313286693,-10.0001690878706,-1.80518952697729,5.94570575905715,-9.42081792711382,32.7732381016102
"InMGE",-16.6688039772097,-15.2241873219478,-9.29947401729641,-34.3484120874003,9.30184822546694,0.0712744088798428,-16.5504351081822,-45.0329337631329,-49.4830515012143,-48.5105495262577,-46.4695532881432,-52.6494503525222,-53.8838606337686,-37.6951068733236,-43.321961560657,-23.4030141406069,-16.5091926353256,-49.6243258067228,-21.1994555430891,-21.7817102242505,-16.1416634113411,-16.7019687610947,-10.718224437378,-18.6463156625432,-24.0675670188014,-21.5530657359889,-25.6496565274591,-7.36897405427594,-59.6330093567141,22.6907135407453,-39.5953213761902,-48.5568811825517,-36.4626394657213,-35.1252979445052,-25.6413829317606,70.8392308600702,141.589563599147,135.430245834187,135.242284780039,125.281485871264,134.124895757751,163.154923877386,159.910688770096,143.575305402018,129.857857852006,108.672751728829,-18.206985163236,-22.252419482449,-24.3613093591476,-26.9404218315646,-24.8867077665759,-24.9241526872347,-21.7276780233736,-13.8268898320174,-16.1991071515129,6.82186241949946,-6.15721353031853,144.700064419167,141.838655454229,136.882513726232,143.293641114467,167.802695036417,143.660527891625,160.726177566986,139.228467057309,142.886570029536,76.8640543769426,-31.6006402861594,-41.9167137360634,-34.7558320126452,-39.0780471007227,-48.6717735070182,-55.177630694238,3.6181502927028,-33.9318595306903,-49.9838428221691,-48.6564967947829,-57.322791706252,-55.9460340610429,-49.8491036482968,-34.0657368362243,-45.5330747899926,-50.9760271342533,-17.51788176306,-21.6361067162881,-22.0695315897441,-15.7505826609696,-7.31486497112968,3.63317297557693,-13.2100878441179,30.5915494655758
"oRG1",17.6915153376857,15.8774186586262,12.9767732063933,16.8865049257763,40.1702310222406,1.84153565628421,19.7508080985513,93.2786200273853,107.643344439864,106.050162675445,103.396573036374,105.071267420577,50.7548443449463,8.73114486795329,22.5932532794416,-20.2877362666934,-26.6666126324362,41.0685907930701,-46.819196096321,-43.5540807153848,-44.5776590240215,-40.2536637926067,-39.2693503730351,-41.7799983288686,-33.5713143351169,-39.325463991923,-42.6213788973951,13.3681869833139,46.0161150220763,-23.1501502097894,93.7528710863332,79.8002356746792,14.6738094532362,11.1335320700547,9.0475368316254,-20.3344785556272,-46.683717114853,-47.5812936543368,-39.100274972169,-34.3232001429005,-43.2826004790426,-48.2216255303307,-43.7783420223837,-41.8353724278718,-38.9090905829915,-44.1464896145317,-37.7004606104016,-42.6179977557408,-30.8161476811164,-41.262705546015,-42.7789073497603,-49.8753886958632,-46.6050026156118,-40.541503308849,-45.0630146135111,-37.4853015168271,-49.8536072043006,-44.9752494891827,-45.0871586166207,-42.7072334610454,-44.7759002392902,-47.0763566325535,-42.41240327224,-47.2115591900885,-48.4713783807244,-49.0298208900482,-47.7796869440215,11.940873281828,14.8163230864251,11.8016178622198,14.1576372429935,43.3682910129539,46.4213020512483,21.9733919764125,42.057419388524,109.27700312507,106.920281157401,85.8947884050741,107.813180588918,106.306982934624,60.8586056601184,90.1234960717473,98.4705591396065,18.3759361435121,16.1626665775221,19.6180220296498,18.4021236303419,10.8176726156315,36.5008572336327,65.176952365987,26.0749140594143
"PgS",-3.3764244226354,-2.28323554610389,-1.23416768927844,82.5290369005072,3.15150363661771,-1.92112423283145,-5.19693378210508,14.2458300010498,27.9353013663053,29.337429281135,29.465625702605,64.2305839482229,100.198087618946,87.7563994021003,100.369351607133,14.5742594376891,-11.6452604547979,58.0036526161181,-38.9461883332214,-42.2183076923577,-39.5116953596372,-41.0575022805085,-38.1439084098038,-45.1876415292305,-33.5347002339248,-52.0951703997215,-48.2871608190802,15.2439755602545,88.6643495574922,-33.0299708788372,36.8063401887622,77.7064855881843,99.7606443650665,84.9559817281792,90.0835991105427,16.6329445762515,-33.7603418288895,-42.0606146177523,-25.4195746337515,-24.5795589145969,-25.8488157671398,-41.3825988979682,-42.2642269653639,-33.8302234785862,-38.7240937585229,-45.849046480896,-25.9509914025303,-34.4979213804953,0.966289258390882,-45.1743347564104,-53.0211848381324,-51.5614430677627,-49.7935498307884,-40.1197536509644,-45.7746811564736,-46.2100254642592,-32.1153774358711,-30.264277297638,-28.9510487734624,-34.9793985534902,-32.9316584407492,-43.1261337623918,-37.6389325288088,-41.7224800929882,-47.2547920881194,-41.9052486824639,-41.9200115465914,95.8202274042258,97.3095321573255,91.6158450211327,95.3718819218531,99.2743966749113,96.1090358522787,79.0916065475847,79.5784379464763,29.753169551293,31.1443909671067,92.1150187837072,66.888938343436,52.4571325052246,4.47820603379718,26.5584496700754,57.3667924964284,-2.59358482617109,40.9541858944883,15.5155359455087,18.9414686247136,5.09037386030208,5.6414338023942,25.5242070364134,1.98122260373735
"vRG1",20.0850689659039,16.562009682961,19.4306973591783,25.2185491303969,28.8994444848572,6.89116411039467,14.2210775501711,89.5919224522229,118.132301584138,123.937909515612,115.762253254645,112.252030808265,61.0448170575902,15.7283744011368,29.0167285848501,-15.1530081116962,-33.073422681844,57.9698094113932,-49.8896050490081,-44.6660048111077,-47.9695478552715,-38.4709774692054,-34.7753818291291,-47.0682155369246,-38.650840471834,-42.4428831537482,-42.9145475094638,16.1376206475568,57.0991825382908,-25.3125769486279,94.4163617497227,73.9034443912448,21.5771443887285,19.3350185128777,16.6556529562174,-16.3170563693331,-39.0435644391976,-40.3566125725161,-31.8997421561233,-30.7400949858851,-36.0036503201476,-40.2027549655704,-38.4090122013904,-36.2445154650386,-35.9008136086124,-39.4299183096794,-46.9032256823284,-49.9387147576486,-29.7282622294793,-44.377440403194,-46.1950455347242,-53.3641538974997,-51.1185648215472,-36.9819055331548,-42.7080005897589,-39.2226011892021,-45.4700456131484,-36.55267793124,-36.924498757292,-37.0901369947057,-37.8370311501432,-39.9171619696272,-37.1419231719162,-39.5708724455377,-40.801901205128,-40.4977237127647,-40.4730924912438,19.4262596242244,22.5454278665835,20.0399489288682,22.3525145735349,51.2711838807778,56.1661419178056,35.3872023433151,59.0017992094736,123.753592105444,120.565038933343,92.9128750877262,117.255883357197,111.16014333547,55.0510692123437,88.9387529524122,96.9516056703425,19.9868793254211,23.7429072480348,25.1018391607641,23.0538062227946,18.0109781552529,29.6617588106832,54.8913456380547,21.6867460230054
"ExN:ExM",-63.6378345466195,-61.6194930177864,-65.1955283796479,-107.230571118955,-71.0108544725579,-24.0174300706081,-69.8482941962075,-111.613077139296,-117.935396625198,-113.425507807679,-115.849522863912,-121.772438408536,-103.595771905497,-76.0865484570074,-82.9497230708683,66.0954190418106,105.480875095749,-64.0769021405681,104.308337124037,189.575984693999,139.622177599937,3.93213591473101,-21.8732756167271,57.080020831413,98.0795245343582,43.6612921962278,88.5968470001748,-60.163715972652,-115.352525081244,7.22054382991591,-136.894100463944,-113.092993991418,-78.1258046915292,-82.0110163911359,-84.1902632756957,-12.9811942397873,-1.2725549804295,6.67614852066644,-0.387129930984679,4.22315545366113,2.3664673824181,7.20769066840896,2.56665326961134,-2.04859297443986,-2.26421556669276,12.2283756700644,139.473831846389,186.502290924081,129.201772403986,99.3058798818025,71.5742301456178,96.6705461687693,72.5124362485088,-8.48067698019842,28.5465647769389,19.2594494018463,85.8769419904872,-0.818941738888869,0.986917231781204,5.78799765625337,3.71746654256065,4.77070774259879,-2.08726570144194,1.50639792636624,7.68786904668192,6.58110316606358,29.0042296299515,-82.0063466485949,-81.4478069949038,-83.7128709075317,-83.6769581985088,-105.846161407183,-112.883079221107,-79.1389034059977,-85.5513826360551,-117.839612799209,-117.991909499111,-118.713967562101,-126.924183712255,-138.333064739704,-102.027677241529,-125.992647197881,-124.442973599757,-67.4627320032554,-97.9875135407351,-93.3594853376856,-83.5699728735713,-53.3352810769974,-82.7657282487799,-110.373228766073,-61.0124580496407
"ExN:IP",-13.8009364204112,-14.3004743164366,-15.3673933268406,-2.49197861528344,-10.1531228405835,4.66196948023351,-30.3700340428914,-22.061414729097,-12.0849140710215,-2.25593264575077,-9.0689263693887,2.30114760240329,9.49128726241669,19.3465119668085,24.627112408875,138.823823531529,115.613279156535,119.363643679327,16.2656628546052,40.8612095117045,45.4537403819524,-46.377127057979,-51.8051921401392,-42.3186977618724,-11.9824396617313,-54.6046931874886,-29.156580778788,-1.92354295276471,19.3542075517698,-10.1881460582267,-4.54646398235263,29.5970044191087,20.6508707348187,14.9991725564043,16.9096534454857,36.8772733122382,-5.26093832324946,-12.149934376816,-9.0182641329003,-2.68268455192989,-5.8261593723934,-28.5733392404892,-28.8979751061278,-17.5440718978519,-27.9306172903446,-5.62778063222794,86.375745314847,68.8219279032264,126.471848112007,-21.6778083674079,-42.3865323309877,-11.1971589769364,-33.1738211834976,-50.2972774838324,-47.2039236066555,-27.7005162133775,52.9264684256822,-7.44244916908338,-6.78149545696599,-7.95062604005387,-7.62134422944549,-29.2513735346542,-23.7163904393655,-26.4565853296027,-15.3997042074053,-10.9752388014015,18.3180336329512,18.9012720165849,22.3837710515199,16.9436379894961,20.103832893324,25.3158944899203,23.1784397652732,43.9933200033573,101.097809977415,-7.61497118492888,-8.28410374735521,6.30934631627039,-0.915420345098338,-3.84166025334908,-29.2180301263393,-21.0838990351095,37.718703863871,-15.159820085753,-10.2434147792938,-13.9075218058818,-8.08505788717182,-0.461422095656478,-6.72965611819918,11.5199361527015,22.0634623615943
"ExN:ExM-U",-33.9565976850756,-36.6110674463715,-35.4066644855741,-49.2684491364247,-44.9931022671447,-33.3677367838842,-21.3339692680454,-46.837272147956,-50.123530787434,-53.7608693513626,-50.1881479950152,-59.0326161943193,-49.9250812214987,-36.1167668285634,-45.2448454686822,-29.7370491595114,-23.9356966687366,-67.8794131620556,35.6324584750392,25.312400924685,4.09161862299292,61.0914785550021,58.100217081264,97.4400078429561,50.7305849849876,119.302061289466,102.654344499109,-32.8990288697433,-63.7046842118142,9.28394688347344,-70.8797630734201,-87.019149597038,-47.29023896389,-38.2485044572053,-45.8134798213051,-61.7334716302909,-41.407990604712,-37.2250796604794,-40.9856963710336,-41.91139427912,-46.1048357766498,-27.7090265555584,-25.7370375138498,-32.1153792361347,-20.71501711289,-20.8964095815151,-11.5215463403481,7.45774981588016,-17.0833001178538,82.6804101823429,112.742380520081,77.4385422173007,92.4348063080686,60.5612153804942,73.7009018549663,40.9809396965988,20.7251424413153,-42.6624878949833,-45.6573864600881,-41.2851275022604,-44.2226406721948,-27.8549195344893,-26.8166094522267,-27.9013757801123,-26.3792436834752,-35.5436958713524,-20.683330768206,-46.7127331376588,-41.0156510456584,-42.2995513752489,-42.4530505033107,-64.8976828621156,-67.05509588674,-94.9195672786622,-94.9500483620261,-52.3489888874283,-51.7128630782738,-57.997274833796,-58.4003131898632,-67.2130770132091,-42.9695465113291,-57.5024126220691,-83.6552968813419,-39.0390516164444,-47.6265952985183,-48.0079066340104,-45.603793686692,-46.056148652346,-55.7407743128328,-72.401179910298,-65.5332426603262
"InCGE:InMGE",-22.5731800219278,-18.4445038241719,-12.5806743982475,-45.377106848025,12.8858009098029,2.27193816477222,-23.4157929413199,-51.5064234265513,-65.8099565322959,-66.1113451256396,-63.2599069522402,-75.8962920800715,-76.5462898149113,-53.7827519275908,-59.7244260432621,-42.45783632921,-28.8399591216806,-67.0517821998298,-29.4225330054097,-35.4564404998166,-23.7909157809204,-21.9805729265763,-13.5564551796406,-24.9600943438912,-32.2400566693248,-31.3655969194547,-32.7189045357448,-6.53312956147468,-73.8999112256177,42.6834733856483,-48.6411379656322,-60.3783574218793,-49.8989283043462,-50.3269490611172,-34.4310547632193,119.753115867365,163.91426758046,193.221830166096,188.23198355219,180.198486071129,166.239738967295,189.804519825381,207.587088299959,200.730693498831,179.652217974105,142.502321812751,-29.497022542921,-36.9946547078716,-44.9576574715909,-34.9813833473477,-35.0072988829712,-34.7292203276582,-29.1695602706634,-17.913891425032,-21.8458429896525,13.1959181263552,-8.82491916830663,183.968181687217,179.533636928226,197.505328594506,193.63339047091,204.296127547523,196.424033643084,204.31680734581,178.001331408325,190.195247415847,121.94042484135,-42.8584349005305,-58.268790954344,-48.3270324790289,-54.2639374038159,-63.6222766756128,-69.4354160951852,11.6249633038236,-45.4856708517884,-67.188597957957,-66.0002397264877,-82.0845950298371,-77.7955918909821,-64.6800804097513,-42.8780603906017,-56.8866568599432,-63.7384776865446,-22.6351392302427,-28.6275882711561,-27.4035919704593,-18.7347599158881,-6.31723247745716,6.86914522929518,-15.6389380585578,46.9356678949046
"ExN:InMGE",-35.3113694571302,-35.8766719374572,-27.4755063760135,-57.778877000387,-11.5073282639701,-14.4328080227386,-32.0637708121336,-74.896980028144,-97.8336624274374,-99.4430868908919,-94.9863607178347,-110.663092091751,-88.3969721686121,-59.5883989845768,-69.5614270265808,-56.6297594198912,-44.1141049964986,-96.3072481513662,-1.35029597053237,-12.634000805268,-17.6845701669761,17.6220727771998,23.3214656847544,28.5858820915444,5.6960048588707,41.3601376928616,27.2690720733745,-23.8817583948273,-93.8221770754899,41.4188342208842,-89.0153775501515,-90.2078552833431,-62.5178113058791,-57.7576144528627,-49.8831979661222,57.1233179463314,114.027446190448,128.99817360159,128.624966600852,118.829786442567,115.766607110764,135.375658830741,149.053763078771,132.080923128207,122.239717333049,101.647709946576,-32.7731860924766,-26.3524374475596,-53.2034838751879,18.4397845530717,34.4179386072576,16.8926339319708,24.9511486997055,20.9948249201845,23.793085051673,38.6095725074841,6.90921776828647,125.930143779885,123.790943575874,131.295437687958,130.746223972592,145.95121082544,131.064144875087,140.556325340029,124.905459650163,129.594953718609,81.1006346038064,-56.5784649450589,-65.4759748517983,-58.1755158635689,-62.7419343002271,-80.1661111733801,-88.3392452393724,-39.6192383082538,-84.7092537762181,-100.860973061135,-99.3448841014617,-107.637027553733,-113.255743151534,-103.743039550835,-59.7488654715059,-82.8521114805733,-98.4461219807498,-40.0083140567712,-44.8482211921161,-46.7357730125213,-38.7651621115384,-28.4885582689496,-28.5886665636176,-55.5755207629128,6.43866397274729
"ExDp1:ExDp2",-29.9053912569848,-34.5647858594944,-22.2167638575862,-54.7845333810716,-40.9887425437174,-29.1271649899583,10.6679086226963,-48.9345735147472,-67.2993098113674,-69.2363187208608,-63.1753542528764,-82.3887766263929,-79.3213771503543,-58.355777198006,-63.2717570936734,-46.8308266494805,-41.2823074714197,-77.6494475772254,73.3111791367943,-8.6445910671937,13.2336810205545,179.453800168488,190.509348174367,138.796313334721,58.3508542710434,122.069074650091,62.4025361528352,-27.6201339171226,-80.473862378274,52.1112656110041,-83.0474221276652,-94.2250497901127,-67.7556111061881,-58.3709701090203,-65.0577930290451,-75.0228566548737,-21.9788623761629,-19.2740156530021,-32.827458307388,-39.1115317153031,-36.8232379026692,-7.80683699262058,-2.27406300432876,-19.0045795674931,3.61920040544731,3.56605914277356,-19.1900657323709,-16.2437643362157,-37.7785805372415,68.3322232686,109.414123752226,105.645553196326,137.057313110579,189.003913761225,182.994222376242,129.922815207547,60.3970054737769,-29.0293526590974,-34.2989122636965,-30.0915241460806,-31.9182305087737,-5.13887742239982,-6.99287390640165,-6.09107014833063,-1.80515374171367,-17.0321318605136,6.28637989477575,-66.8654769910178,-62.458376047281,-63.3910711123799,-63.9282616694599,-85.3710241340791,-84.6267443691572,-104.472811081745,-98.7748461744965,-69.3842127317103,-67.0663726485329,-88.2410479673167,-82.286906068176,-85.8959137218389,-19.2324990637077,-49.8485704058028,-81.3080059405772,-34.3331155197396,-39.1794856907685,-41.1801989427073,-40.8115798178258,-38.2309395297394,-49.4185215237905,-66.1313359471462,-52.4188109148529
"ExN:ExDp2",-34.8590137932129,-41.3685804609481,-26.4534030988417,-63.7800745997388,-41.9638012146996,-32.2077850807233,5.46368478121298,-63.2472683642077,-87.3748189566066,-91.1724008120754,-83.1926475108698,-105.442954976543,-95.5720940394329,-69.0841621478082,-76.0201550482593,-56.0788098397803,-49.7489739856779,-95.2450888623112,68.5123402896986,-11.4947109705263,7.92624433343363,192.213514005034,195.054491678061,137.949251431864,58.0034564546982,126.022228466262,67.8859625097077,-30.9266128113018,-96.0011724603476,63.0200697349096,-100.004310365156,-109.856617974122,-78.5537016396584,-68.4356001900947,-72.7415474772968,-57.944420377446,10.2152329985118,9.95449671584503,-4.87517049096735,-14.130311859792,-7.56237322081846,25.9489605486053,30.1874621819596,12.9142161283788,33.7350022783269,32.3008002545554,-27.4863640965626,-22.1026386012415,-46.8412065763766,71.3508246814645,113.061368376119,103.891233339692,135.13730210682,197.427416263116,188.583790586219,147.558701912813,61.3646962003084,2.12014255547448,-3.06712552503947,-1.79480022342506,-1.77757398521787,28.6673693856351,24.7195305566579,27.3611143985172,31.5184929824587,14.2108975125367,22.840471400115,-76.1113073490973,-74.3726375296254,-73.3566142484487,-74.894871354767,-98.736889539226,-98.8623787217441,-106.853033324894,-112.599025426292,-90.9281275927074,-88.1098862589734,-109.459596086645,-105.334601417484,-106.630016315738,-29.0838811339669,-63.6801088828769,-97.4397126438201,-40.2121330691915,-45.8751009778748,-47.670065971822,-46.633519447688,-42.6534017672636,-51.7426724961276,-70.4775965633708,-43.7897783397936
"oRG:vRG",26.8627391818345,23.2085248428194,22.6136090252257,30.3768679111907,56.4345552750017,6.72553377747867,26.2507462917413,131.298157466234,168.391344063238,159.220057685443,159.825298434558,144.411040923764,75.7109734264052,17.5696518883157,37.4178979896671,-23.6125543457035,-38.3852225554643,68.3205767058617,-60.2635371051566,-58.0837956879671,-59.1904136284994,-55.0344763576512,-51.9870721531889,-60.2203476436277,-44.2324478903686,-56.3166147121087,-54.4299006574902,20.6435808632848,75.6115957989696,-30.6542320899091,132.681042636747,107.639932912802,27.401823097984,21.4974133976557,18.7001025707372,-27.6802511156327,-59.0961809733835,-59.3884464182475,-45.9229029119262,-46.798873092216,-53.4721000116237,-55.9671999789453,-53.0404264218413,-53.0874577008187,-54.6972534716071,-62.3374161763059,-52.034242923421,-57.4861408682222,-37.9306016344417,-52.5713203796715,-57.4560470479735,-63.6550052852751,-63.557422542577,-54.2308400008739,-59.4931449724044,-47.5818103733029,-56.2947249220666,-53.6702438222027,-54.5335568448703,-55.1149935724683,-56.0016321267166,-55.5009673211053,-56.2365487505348,-57.8234186239844,-62.4121779735889,-60.8838928909587,-61.1858853575994,23.2415270902183,27.0199587199539,22.8790095360045,26.2904206081936,68.0885175700937,75.1338341426322,41.5571718050582,70.1858293709252,167.719090186557,164.233198853712,117.425863197026,151.580955416987,150.383243595201,84.1300296601107,126.687681600762,130.819072719439,27.6119552967942,28.3525119424494,31.0875715222258,29.0807097903234,21.9677184371265,53.2349563887601,92.7774740583297,42.8182542679437
"oRG:OPC",35.4703858675843,37.5032871043684,36.4883635003644,67.3514723930378,52.5852368794443,9.6405088984314,89.7888351744297,117.560594183734,109.906287280991,113.534499562117,109.444145503673,109.091768781217,88.2341138985336,50.8231211857882,59.1587805025645,-31.771243347405,-46.5645994405703,45.7434912950093,-60.571973140395,-79.7765362508777,-69.215289681821,-37.7715763683556,-34.7140160710724,-55.0074054187194,-58.9394043524668,-53.419158808708,-67.8214811097783,20.0590116722585,90.786549285995,-26.6776067957884,121.503126181218,107.842201362606,54.4193199547403,54.0936809931525,54.2294592511702,-21.1061887876112,-51.5507512355165,-45.9186500159995,-48.0653931329803,-43.5531292279125,-45.036092780932,-59.815168875499,-52.5129747471777,-52.6982859933706,-51.3071865768668,-54.6454495135477,-63.1055129822717,-75.6879676362089,-50.7969275256242,-71.1344927157644,-63.5974088966253,-67.8816655397163,-61.1933646217834,-36.7467421238821,-46.0430203199287,-39.937431628016,-55.969206905996,-51.2473627813008,-48.9297485695715,-46.7503836953902,-48.5971185177743,-57.3812547332237,-54.3748991199157,-58.3147103274634,-58.9753524159147,-55.1609025303379,-49.7906730862287,54.8947367136931,56.3598903195352,55.6642640780182,57.1282085260586,85.9098813182891,90.9809673157321,47.7757702813336,56.013298994461,113.656107341084,112.832103395497,105.828674812499,118.86353676072,128.867868375918,116.351314674443,132.231193296183,126.197458047937,39.1077551556825,55.9521165381834,52.3092039151194,34.5437096560211,24.9677135447057,54.9886659828004,84.6203304897419,40.1788443062981
"PgG2M:PgS",-3.92721002772075,-2.01295942164538,0.315481096089358,93.8316555608424,1.80318297150867,-2.60054247749109,-7.13410478684623,14.709101034115,33.0276119977617,31.8881436514574,33.5502978275291,77.1521160713841,126.319313024396,121.1753199092,135.241903530862,17.0305207961835,-18.6672512832672,71.3038210554112,-58.0975566568918,-65.1138172808453,-50.9050296107678,-49.6914784046024,-47.4835243205811,-66.4042588960759,-53.3318544913098,-64.7218634364589,-73.8747591711978,19.2091452419495,113.700178066498,-44.8828302911063,41.3117782575167,95.4319543536531,135.135123678617,114.57927869593,128.738770510709,21.0898378374484,-47.1058258822405,-56.3181466877335,-34.3767533847772,-34.0836921421873,-36.9220533439006,-53.6509162670661,-55.7736017565633,-56.1091841442921,-54.2814088790727,-54.4687164987067,-36.6015269467645,-49.5379553556906,-1.77174015722975,-75.4746607776629,-73.5003044082009,-74.6915433959288,-72.4885616042039,-49.2241089726794,-58.4074000467002,-60.8290296343998,-40.4379192608479,-41.825125611561,-40.5932349259071,-48.0115438804435,-45.5252711568907,-56.3939619411956,-56.7514891241955,-58.8629277463162,-61.3697627103151,-55.5317998618563,-57.119504472328,133.078589945716,132.39137591953,124.199912327288,129.173016694242,126.183552481387,121.74847822742,102.611631493237,99.1937676879988,33.4309516668205,35.2502374449646,111.218311645228,78.4370676187405,59.6266798204181,3.7529822121195,29.8567545422206,61.610612184783,-2.53384906191392,45.2370225154014,19.0097146544114,21.8299015584977,7.02951308710054,5.90744354165543,25.2843579817738,1.47979089968586
"oRG:PgS",17.040005769253,16.7327965804621,20.9890145254622,113.490101513531,36.2852114722812,2.43052384400104,44.9457472975063,69.6957165471033,95.1896150124802,95.2425485259225,94.8010955113274,134.415562603296,174.080943340331,145.579079310618,150.476642919508,-4.04920804823304,-46.7739546196735,87.576404637728,-76.1766159673227,-101.449437471558,-84.3694119345209,-56.2960752241237,-51.9684572939728,-74.1117153249367,-74.2628102568941,-76.5721225841986,-89.7391644048491,30.5094716622206,171.791350284757,-49.0734598368275,103.382756809406,141.312145996744,148.252169751859,138.583652852593,144.581364268544,-1.62235938583688,-66.5568864455061,-70.1913210378142,-52.541395644968,-50.711972700881,-54.3874437978755,-78.57303913212,-79.7908864080855,-75.2388116455888,-74.1119709229555,-72.8936559001373,-70.1060530944974,-88.6858063496895,-31.6594014691622,-92.221801332583,-87.1780323739196,-87.5286637641317,-81.0969993016568,-54.7821339922104,-64.9901360585813,-65.2268004177777,-64.3707370849341,-61.3976700052632,-59.0946304193247,-63.3715059664936,-62.4348661093791,-81.7312798802371,-77.7702199019985,-83.3596633954834,-81.278157513759,-73.5250487231658,-75.0972243453651,148.285232825917,155.994342442856,146.856725598261,153.221066973623,164.151005372806,173.775389328803,118.445466575407,118.138330966243,98.0738688498471,98.5390281033976,171.459768453837,143.593986074529,127.4121411766,64.3382744812885,92.4181471816911,110.97340853887,18.4840485126615,66.063541148903,42.9716750340582,41.217408263969,19.6976712873758,35.5948015719227,62.4470194612258,17.4694252843573
"ExN:PgS",27.8150101281871,16.9054133268287,17.145799772133,56.0831955906129,14.2078712609902,-0.130656048939321,47.1167394518876,22.3334939559445,19.2635741353205,15.6349168131106,17.4307708222722,35.9119561805908,60.1689453904633,58.6109982471165,53.3100936525238,-46.3732064297728,-70.9622381041209,-5.38743927959894,-28.5059665446514,-78.9061524499906,-75.2658232719578,47.3847621117633,54.5382933593895,13.9629532222326,-25.6500174451977,15.0917670720533,-23.9691634850606,18.5035837724783,48.5773575728355,0.864730668094755,21.5001084964875,33.7165430577714,53.9325888417035,56.0252130046174,53.7485474415338,-39.3564433552141,-46.007051166559,-47.0439983285188,-43.9450268587139,-47.4658621828067,-46.0162248394716,-40.8844178405043,-35.3710583580447,-44.2896073499764,-27.6713616610613,-43.1091912713725,-79.1901450050547,-83.5912628886306,-60.5489154936715,-25.334519502256,0.408549187786396,-13.5433575736801,6.78089431437452,51.7413886948157,39.6947327048261,20.8955743390887,-24.6924873334989,-46.7596809775772,-47.5595832303199,-49.6471069652626,-49.5274686477571,-38.742660867586,-36.2642322163733,-38.4940962375163,-43.531499735622,-47.3404992147919,-42.3690498000894,54.4883367637865,58.2023922456794,56.7041893484552,57.6279684100459,52.6995613502246,50.1430155515625,16.579581140539,-0.186917741148343,17.9318574759982,18.441880475615,54.3838000707867,38.1291860247288,30.7610017423836,37.577178362044,36.3060888336794,27.1763288606597,23.9382259862955,37.1850039991835,32.0696102763634,27.882952099988,11.5972973635,15.3934970956079,19.9646445761793,-2.00421940150427
"Endo:PgS",120.935072455833,89.4938384256977,71.1149255813505,45.2657588112791,24.9992354117401,62.8424889077912,24.1839160138592,28.987959459236,18.0571661924082,17.1328624051416,13.1426043336775,11.0983679040822,6.51007467568374,-0.249273253778062,-0.989083912782377,-25.7665389538192,-35.107262558372,-4.05258892599523,-34.3649656685289,-52.8613234170059,-48.6653878336566,-15.5180366579019,-11.9202382665564,-21.5294761055405,-27.5624143723309,-21.0711388820041,-30.7654168318014,62.9230271415408,16.219410130641,4.20623525917842,27.6581229908648,17.8597798530527,0.919116644653424,2.9794977212801,0.536771927524407,-0.104238238178497,-15.5903386171619,-14.3241333259089,-10.1146927358632,-9.89378731601822,-5.67533596444303,-19.2849073393931,-12.7413466973848,-14.1377106808107,-12.9885127625239,-14.5162999660533,-48.1425935689139,-57.0309079206772,-38.1395350138898,-30.1993278822008,-25.8305728946683,-32.3612207467767,-25.5930864607585,-13.861018526797,-17.9131444742819,-7.71149375548864,-27.2125489270451,-12.8672378164777,-9.4626433409134,-12.6135100560278,-11.344248007373,-16.0677423425487,-13.9401194869924,-15.2466727768385,-15.1894053386361,-13.6979458468249,-10.9074375147754,0.788312324991226,-0.554651676567252,2.06988771003292,0.898201781830425,8.96262068955934,13.2854368441678,9.19383242794813,2.3209557786557,17.700457464985,15.2527991294803,10.0512749756124,14.4200141767762,22.6529208136419,30.2048069919368,29.2159087846886,25.1828478766818,112.20344023281,67.0930933559361,101.555318656383,90.9321735477755,87.7587189565045,68.8398054905355,56.2491664904066,43.3925247597818
"Mic:PgS",117.419917809423,85.3122830125052,91.5334824891916,68.0499901625888,29.0917097684361,155.455532788992,37.7560674327081,53.5450244905655,38.3097544743365,38.1051849371931,30.6410808964719,32.0400608214211,26.8308832965984,9.71307635888302,11.362458067057,-30.0616558978795,-43.037327516662,7.06121072437102,-52.1652651721513,-59.9360083158523,-56.0775375037502,-20.621561601655,-17.6502966044454,-32.2818413535722,-40.5558223162203,-30.8713962758712,-45.8928078307627,64.8611657455187,36.3933551277268,1.88770159726866,48.4160571899677,42.3350651255018,12.4737915701649,13.7861563965075,11.4862288657949,-2.14409361533363,-20.9086999114488,-15.3948485266129,-12.115239947598,-7.4507714459397,-4.39930199685077,-20.2778846744196,-14.6324604739875,-16.8605164611274,-16.0153658726233,-19.6671945392155,-55.0232140137961,-61.6103706604695,-43.4401920863578,-47.4412642537381,-40.051393460812,-49.4137879459544,-38.7099433803097,-19.5229123998163,-26.4618550789072,-13.5005931126081,-37.5129301138686,-16.6456587857866,-10.1053016632506,-11.9520585518967,-11.3851948628752,-17.825462104394,-17.0416736201038,-17.8092180921914,-19.5551326774112,-16.1156669653213,-10.9271007009348,12.1390197035043,10.8438724846073,13.310531611095,12.4381459970516,28.0811868547628,33.8489165494813,22.5697755904599,16.9803942470889,38.5613888023543,34.5276442116754,33.8843875123443,38.1544827023838,46.5494887877152,54.3807173280391,57.5114468422881,53.0224434374968,110.036918685356,92.1472773681114,117.870809981544,104.315447425717,149.91743640557,92.0306707251541,83.842335258657,57.7979466792776
"Per:PgS",129.711522943412,147.890152885813,97.0598959083425,105.33357938691,46.1648388436672,98.1921938252653,46.4728042117276,75.7978322416279,60.6665530514669,65.9569696322148,53.9237077250078,55.3435434246184,38.2646033779336,16.5184081067424,20.7670270417246,-35.3926677057336,-46.7084131653136,12.6814641066116,-65.2333106365895,-66.1891424327038,-65.609443069934,-38.3963187765691,-30.9585383990857,-54.5019257756099,-50.0926114612192,-44.589113429354,-53.7361357642154,69.6055690411771,55.8173937703727,-2.98401319716678,86.6596346683707,67.8626292369091,22.5715754680082,21.0761185716302,20.5939415024839,-8.56242853322823,-40.1903573620778,-35.9403909910622,-27.6543419810258,-20.8207956362484,-20.492758756004,-38.7918267071358,-32.8917726440252,-29.4991307519839,-27.2771469039099,-41.7633689112006,-62.4761221363502,-68.856984004631,-52.8256036006524,-56.835068087327,-53.1992285863033,-66.0463022281542,-61.5492056690699,-35.4307155625384,-47.7478117565645,-26.7435147351294,-52.5387868940178,-35.1745291894235,-28.2878090866993,-29.9614423319875,-30.4793252538182,-36.7894393119527,-29.4488486824841,-34.3311859396956,-40.9234394874492,-37.4980287748768,-32.1417333284074,21.9275674261001,19.6694713974933,22.1027893729103,21.54932639354,45.8159974723737,53.5948022929459,34.8448196266555,26.2595656583379,64.1476308539358,59.1342748013863,51.1613742638713,61.0843264011964,83.2352371164154,68.3478307997539,81.5912988397944,73.1060882708507,154.006721346318,112.358079719613,155.616107186282,125.870535322112,126.167152956714,104.43106693641,104.54978945945,66.2647359582758
