"","Endothelial","Mural","U1","U2","U4","Microglia","OPC","Astrocyte","oRG","tRG","vRG","RG-div2","RG-div1","IPC-div1","IPC-div2","IPC-nEN1","IPC-nEN2","IPC-nEN3","nEN-early1","nEN-early2","nEN-late","EN-V1-1","EN-PFC1","EN-PFC2","EN-PFC3","EN-V1-3","EN-V1-2","Choroid","RG-early","Glyc","MGE-RG1","MGE-RG2","MGE-div","MGE-IPC1","MGE-IPC2","MGE-IPC3","nIN1","nIN2","nIN3","nIN4","nIN5","IN-CTX-MGE1","IN-CTX-MGE2","IN-CTX-CGE1","IN-CTX-CGE2","IN-STR","IPC-nEN2:nEN-late:1","nEN-early2:nEN-late:2","IPC-nEN1:nEN-late:3","EN-PFC3:EN-V1-2:1","EN-V1-3:EN-V1-2:2","nEN-early1:EN-V1-2:3","EN-PFC2:EN-V1-2:4","EN-V1-1:EN-PFC1:1","EN-PFC2:EN-PFC1:5","Glyc:EN-PFC1:6","IPC-nEN1:EN-PFC1:7","nIN1:nIN3:1","nIN5:nIN3:2","nIN4:nIN2:1","nIN5:nIN2:3","IN-CTX-MGE1:IN-CTX-MGE2:1","IN-CTX-CGE1:IN-CTX-CGE2:1","IN-CTX-MGE1:IN-CTX-CGE2:2","IN-STR:IN-CTX-CGE2:3","nIN5:IN-CTX-CGE2:4","IPC-nEN1:IN-CTX-CGE2:8","MGE-div:MGE-IPC2:1","IPC-div1:IPC-div2:1","MGE-IPC1:MGE-IPC2:2","IPC-div1:MGE-IPC2:3","MGE-RG2:MGE-IPC2:4","RG-early:MGE-IPC2:5","MGE-IPC3:MGE-IPC2:6","IPC-nEN3:MGE-IPC2:7","oRG:tRG:1","vRG:tRG:2","RG-div2:RG-div1:1","vRG:RG-div1:3","MGE-RG1:RG-div1:4","OPC:Astrocyte:1","MGE-RG1:Astrocyte:5","IPC-nEN3:Astrocyte:8","Endothelial:Mural:1","U2:U1:1","Endothelial:U1:2","Choroid:U1:3","Microglia:U1:4","Microglia:U4:5","IPC-nEN3:U4:9","IPC-nEN1:U4:10"
"ExN",2.3185920732377e-05,4.52319785409811e-05,4.31331791593299e-05,1.62690588981969e-05,5.65908232865575e-05,9.53477877490403e-05,2.57589735624665e-05,1.67597253873313e-05,1.96593351957005e-05,4.26037186308738e-05,3.00320383074257e-05,2.47054154159408e-05,1.4385191814765e-05,2.41254521046005e-05,3.57866372553065e-05,0.000516971765931317,0.000567588954535402,0.000443182333301863,0.000414781226829088,0.00056833324222797,0.000608214137558446,9.44995626081708e-05,6.06487390358477e-05,0.000129079029803565,0.000355224503950879,9.43798814396001e-05,0.000213004357992141,6.64305500008943e-05,8.25795187722399e-05,0.000175134153275742,8.31876907525003e-05,0.000134748028649128,5.27317663055436e-05,2.17960255717545e-05,4.88046531250839e-05,0.000284240870382832,0.000320345482238671,0.00031324350029504,0.000300992595913537,0.000296389646948121,0.000299206909448527,0.000283156385030316,0.000265481040786504,0.000287629775387424,0.000226052471860114,0.000313949670687526,1.81932738655064e-06,1.55532442205749e-06,1.51897457584449e-06,8.00373826324625e-07,5.3496404125989e-07,8.48953320139486e-07,5.84045945553654e-07,3.35270801357991e-07,4.12594890431305e-07,7.15667525706931e-07,9.67373441106789e-07,1.12045818201672e-06,1.07390786946497e-06,1.15731253136206e-06,9.65080236951132e-07,1.0241677967301e-06,9.87478238233805e-07,8.7966466165739e-07,9.94120963533695e-07,8.53386336199467e-07,8.93449769116228e-07,2.0360078528888e-07,1.00086379197595e-07,1.25924921402639e-07,1.05891958506081e-07,2.84664057747173e-07,2.8350174151738e-07,6.65088376931164e-07,7.95745599945982e-07,1.15771547900986e-07,9.66983835248219e-08,6.46915121953018e-08,7.45054231648133e-08,1.77255569990998e-07,1.44301077612835e-07,1.510513239889e-07,4.15941534433511e-07,3.34899299058148e-07,2.3276540076249e-07,2.53706903674156e-07,4.1369837480679e-07,6.77140839625423e-07,5.43268179375947e-07,5.3579386432237e-07,5.86945318470978e-07
"PgG2M",0.000143695196071195,0.000154594437357093,0.000190777370478255,0.000695529641571711,0.000129641007902535,8.24377518096989e-05,0.000177817493576344,0.000432464728390451,0.000636443213718744,0.000587382606980127,0.000752805307584931,0.000942282898730077,0.00142749999177699,0.00175099224722994,0.00147364886533212,0.000233625407160601,6.46528552385093e-05,0.00073436426569091,3.5613138940941e-05,1.97040545561605e-05,3.00311186223736e-05,7.74238952961926e-06,6.10103307690991e-06,5.42557602317365e-06,2.30281974850726e-05,5.15213872865885e-06,6.39141020031853e-06,0.000190300193455845,0.00102977103665098,4.67767721848891e-05,0.000618574061757094,0.00070526807354422,0.00107105504881095,0.00162391301038227,0.00118221669974225,0.000242847412581201,5.5168739374623e-05,3.97356312173566e-05,7.95599725769189e-05,8.51254789259456e-05,6.66736382989913e-05,2.62978806997262e-05,2.02901618239755e-05,4.05416795096593e-05,2.15665686100821e-05,3.05122999674122e-05,1.5249252978225e-07,1.06855009469231e-07,4.30476982843264e-07,4.11631443634589e-08,2.89075265297431e-08,6.52282755647408e-08,3.75349331739062e-08,3.00310311457253e-08,3.47101791440164e-08,1.59523469019897e-07,2.57073985963376e-07,2.42884441294613e-07,2.35885958362715e-07,2.38297013289486e-07,2.03114878499488e-07,8.72484224799581e-08,1.16987182220091e-07,8.91702266840959e-08,1.00254182216047e-07,1.37591821832148e-07,3.04156727544719e-07,4.59776667102559e-06,5.3382108750502e-06,4.83727244243953e-06,4.3722484696471e-06,3.14985166319844e-06,3.10089345503265e-06,1.7987040029285e-06,1.63897968625269e-06,2.2807764353336e-06,2.19781521008296e-06,3.84518963404837e-06,2.60982417836399e-06,2.20004773651382e-06,1.76192306960225e-06,1.71014486776251e-06,1.43440008023865e-06,1.51709282650972e-06,2.89577985036436e-06,1.90739527930278e-06,1.64416445951939e-06,1.14701600305397e-06,1.07180990166189e-06,1.18223306328195e-06,5.78137922061415e-07
"OPC1",0.000225078167121605,0.000238301322723776,0.000281957182240486,0.000448978422204316,0.000270927406778912,0.000107174880925922,0.000547962508271098,0.00075426416079643,0.000850895369389033,0.000758153545275616,0.000952812480200812,0.000888802218353552,0.000866121434981348,0.000787847181323309,0.000799867070235754,0.00012094856902057,4.73744728230662e-05,0.000555277377338917,3.65930993518113e-05,2.35018784323179e-05,3.32228142283672e-05,4.10559832664109e-05,4.31013786993459e-05,2.87313569985473e-05,3.0815567019967e-05,2.84881087232187e-05,1.94322208739205e-05,0.000196231137280744,0.000667219217656073,8.80200068375745e-05,0.000735749165726685,0.000591981821262678,0.000583865840317719,0.000748205240256326,0.000595633873817004,0.000197109013366311,8.5830647874621e-05,8.19752332671959e-05,9.82537618899678e-05,0.000101446576725273,9.05298259509577e-05,6.71264783154039e-05,6.86340352394223e-05,7.98860432878593e-05,6.90206588946783e-05,5.94456375060242e-05,1.27147715199583e-07,9.34016131634484e-08,2.43423588004964e-07,7.23252546556533e-08,8.40763740868942e-08,9.18646425939405e-08,9.0933260186338e-08,1.81121315658445e-07,1.26445590903288e-07,3.1592688025927e-07,2.47741272668724e-07,3.31968419104832e-07,3.21768059210887e-07,3.48623429178764e-07,2.88579758098812e-07,2.5443070413946e-07,2.86340563321075e-07,2.34381398373961e-07,2.19057297617373e-07,2.2621702933315e-07,3.95401083906951e-07,2.40078159472559e-06,2.62796296752326e-06,2.35216499004455e-06,2.15805036443533e-06,1.9876484577574e-06,1.98937381057187e-06,1.23516131484205e-06,1.21284582237869e-06,2.99428510100829e-06,2.7915324399706e-06,2.86969725636497e-06,2.45815386177707e-06,2.37640796053878e-06,3.97689774494615e-06,2.71798417231528e-06,1.69940811147178e-06,2.32206491792576e-06,2.54772944729433e-06,2.10263632253991e-06,1.75897342287043e-06,1.34932647340689e-06,1.77339190926872e-06,1.64481691973893e-06,8.06311861798147e-07
"End",0.00117217910152845,0.000798737189739356,0.000672046531429182,0.00059260383059139,0.000255366309526949,0.000380587126538507,0.000306374362449403,0.000641921919558934,0.000643628353192371,0.00060592310040845,0.000652774687176662,0.000537044839101646,0.000489493392989492,0.000374211471165584,0.000368699414479007,7.46761098008578e-05,5.93049030181863e-05,0.000345643273295163,6.02255929378003e-05,5.25048974427517e-05,6.84585401082611e-05,4.53870843584732e-05,4.62160292298601e-05,4.20084398015007e-05,5.75861167396904e-05,4.04521521551114e-05,4.35139121550111e-05,0.000477617329631687,0.000484462506154528,0.000155986778674084,0.00062631653990673,0.00044025397277069,0.000314285586781567,0.000410418406601023,0.000302636932659294,0.000238947848180352,0.00014314985621945,0.000139338007466466,0.00016487241020677,0.000150470510569202,0.000165473542963082,0.000107871892213074,0.000116172856319841,0.000119537213501446,9.28187477456432e-05,0.00010422069412658,1.9631590564936e-07,1.57823309020677e-07,1.99040820671313e-07,1.44518054943673e-07,1.37653572346006e-07,1.5046091125537e-07,1.3876187447583e-07,1.97942460907281e-07,1.62255198760101e-07,5.29396190928922e-07,3.2336103855799e-07,5.56637474047069e-07,5.65384235321562e-07,5.51461117414456e-07,4.80637893245688e-07,4.1912300615493e-07,4.07830616642695e-07,3.59576668600001e-07,3.61680046745222e-07,3.70950565108776e-07,5.29646179849352e-07,1.25750910208781e-06,1.23293126641637e-06,1.26144820358763e-06,1.09154033257438e-06,1.25951449918965e-06,1.37361447339646e-06,1.04029232409421e-06,8.7620149973529e-07,2.31969902829829e-06,2.02152671069227e-06,1.68612788733945e-06,1.62025432002115e-06,1.81093373192614e-06,2.75447612558952e-06,1.95413468685178e-06,1.2542443388201e-06,9.88559289840368e-06,4.72218119449206e-06,6.28888789527202e-06,4.80266783040961e-06,4.04744822051685e-06,2.84371377146814e-06,1.95185057426923e-06,9.79579828305333e-07
"ExDp1",2.09118623367895e-05,2.29506476867067e-05,4.13762927198305e-05,2.65905631252275e-05,5.58802548516266e-05,1.65865447811044e-05,0.000168655534074353,5.03046764396527e-05,2.28463216966979e-05,1.73489730265324e-05,2.15106474721122e-05,1.66567569338086e-05,1.5994849860343e-05,2.04236678176931e-05,1.79206708531757e-05,3.58112837067656e-05,4.86837076403347e-05,3.13986238762909e-05,0.000342256109185212,0.00015165661937403,0.000176566899552959,0.000864846042281461,0.000822689718769043,0.000585366350344691,0.000306798373828201,0.000515088676034201,0.000358707090443791,6.88287217228677e-05,1.90582186698894e-05,0.000196311724531176,3.53026985969637e-05,2.31765826173165e-05,1.53908257180087e-05,1.63033518214354e-05,2.14441160408916e-05,5.39932256241224e-05,0.000115892690317502,0.000104393958751761,0.000102893140615332,7.34693318833406e-05,8.05544904518399e-05,0.000163774677844379,0.000166801861562109,0.000144081789609179,0.000175619456512707,0.000175141816645898,3.28752064504511e-07,3.42381683343438e-07,2.31056827319282e-07,9.75103933425809e-07,1.35987103253673e-06,1.12682726173912e-06,1.52770211557197e-06,3.60497789184897e-06,2.2018305848944e-06,1.51278414472606e-06,7.49025965803674e-07,3.92449578248345e-07,3.28285233555941e-07,3.3750009706394e-07,2.93099359359968e-07,6.18365104879614e-07,6.24210973777231e-07,5.41558350973557e-07,5.71763229946764e-07,3.82991826658408e-07,5.47739744055253e-07,7.42098043715196e-08,6.35455437823393e-08,6.06487626865689e-08,5.43887502644186e-08,6.46293904753722e-08,6.38986368171755e-08,1.28219545163508e-07,9.75495820217779e-08,7.45596131196918e-08,6.58153238163332e-08,5.37034832174747e-08,5.38080596495955e-08,9.74132176165781e-08,7.81215576626328e-07,3.74763369314101e-07,2.09397876583338e-07,2.20181948246409e-07,2.54385204347715e-07,2.13978865821432e-07,3.89984260827975e-07,2.61287902264553e-07,3.58045257406676e-07,3.15733132833054e-07,3.54823687778219e-07
"Per",0.000628150723190266,0.000774721467462181,0.000660179771211478,0.000633613307029562,0.000248864536960515,0.000261373881581268,0.000324542279626806,0.00068227239298289,0.000759938972518449,0.000706356349638009,0.000816497950430322,0.000697117251490231,0.000636170420058931,0.000519803708093304,0.000523970496301443,8.69808743615224e-05,5.0407702541141e-05,0.000432983821267496,3.7682681876106e-05,3.25383290328707e-05,4.27359797373565e-05,2.50461257498829e-05,2.43685778171374e-05,2.06397593749844e-05,3.60588292923227e-05,2.16281832045731e-05,2.17179391026817e-05,0.000363105069236024,0.000566726461425627,0.000131910167693341,0.000712736360197766,0.000511461359311512,0.00041156743449717,0.00053251791537406,0.000405441756280532,0.000226007814253455,0.000113466867568694,0.000113492529734107,0.000138548704181849,0.000141092189577776,0.000133943575707429,8.3906316940598e-05,9.31376750198664e-05,9.5237616383718e-05,7.126386945248e-05,8.02239184652215e-05,1.4550618177709e-07,1.10798030952367e-07,1.9735494784403e-07,8.22632111193585e-08,7.60381941113137e-08,8.943347261159e-08,7.51902566772457e-08,1.06837719122378e-07,9.36542887589048e-08,4.29713980097412e-07,2.78336711225224e-07,4.55284172071333e-07,4.60304968541801e-07,4.84155978591821e-07,4.06017991752891e-07,3.31288492693455e-07,3.19362334757571e-07,2.82771158314832e-07,2.81623649773245e-07,3.03660742652438e-07,4.59909789234625e-07,1.66436608478968e-06,1.72983583787379e-06,1.6528976692228e-06,1.47396033038525e-06,1.55083559756653e-06,1.63572557796129e-06,1.13199369770997e-06,1.01895175906083e-06,2.72540702453074e-06,2.45509009535552e-06,2.1866627158461e-06,2.0230310755363e-06,2.1332200353546e-06,2.92714826110617e-06,2.16627862424653e-06,1.39488424397177e-06,6.94551796804427e-06,4.74217303687699e-06,5.0277167908326e-06,3.74997414480408e-06,2.98525432393847e-06,2.36691259887128e-06,1.78730718621422e-06,8.84692478167806e-07
"Mic",0.00051089679091929,0.000450709004714444,0.000460270545726884,0.000459360249183094,0.000229863527886011,0.000502273029007507,0.000279758055891338,0.000568745929674099,0.000665237253996739,0.000646766221536085,0.00071512104335627,0.000623099516763888,0.000560020612159897,0.00044643723426675,0.000461577373936517,0.000102503628248198,7.20113093778709e-05,0.000429040540225607,6.32659418372322e-05,6.23613816885548e-05,7.62459515146663e-05,5.16357792035823e-05,4.90508554690088e-05,4.3733196716094e-05,6.64307017088976e-05,4.44361131970537e-05,4.91074035385607e-05,0.000288563544403641,0.000509326510126001,0.00015112653633714,0.000613225200055786,0.00046297097846543,0.000364941703428792,0.000452581871417738,0.000361265838873823,0.000246915513677204,0.000179544520216966,0.000189241395426862,0.00021930160273297,0.000201005659727556,0.000196189654531764,0.000174435273511328,0.000171673620556129,0.000174197295517811,0.000133158181056878,0.000135645231129817,2.29108195606779e-07,1.86620624387629e-07,2.56705926070436e-07,1.64968047157095e-07,1.53663435418434e-07,1.61878543955575e-07,1.46820275303255e-07,2.16786736908723e-07,1.7310352692643e-07,5.20893272106571e-07,3.46754385547337e-07,7.19278699900593e-07,6.97154003464177e-07,7.41391715503025e-07,6.19617661400267e-07,6.45782513727368e-07,5.90626971930899e-07,5.3597133279678e-07,4.9939489833839e-07,4.89284769182889e-07,5.86092076656639e-07,1.47778054520295e-06,1.5047528839574e-06,1.43230765152269e-06,1.2811873394049e-06,1.3811889522879e-06,1.46823019264123e-06,1.09915819849028e-06,9.95385847314423e-07,2.43809292910241e-06,2.17236022552894e-06,1.94021955813537e-06,1.79101568291737e-06,1.85619914655151e-06,2.47768442332124e-06,1.85804108733366e-06,1.26136921614898e-06,4.80821078950302e-06,3.35858461643783e-06,3.52224482146746e-06,2.84364191597651e-06,3.83683165498325e-06,2.64576896398342e-06,1.86815809826259e-06,9.82956119131469e-07
"ExM",7.25429324017343e-06,1.17488332930867e-05,1.37681786343491e-05,3.45430624122263e-06,2.01664950021135e-05,2.72962083641214e-05,3.03002492145278e-05,8.67378891425313e-06,3.71472292440465e-06,6.60434036256944e-06,5.96073828368583e-06,3.48311072103442e-06,1.89898023300601e-06,4.90721854089755e-06,3.8976482598598e-06,0.000129485180753239,0.000171327704454702,4.58262521260559e-05,0.00038065333570919,0.000456288216913244,0.000381633360071563,0.000271421290687879,0.000209192903912552,0.000464089864467619,0.000553056555088684,0.000454139770664269,0.000617596917570206,2.06949604490713e-05,1.63317895903747e-05,0.000126602845518792,1.73368943817323e-05,2.4183847760736e-05,7.85445664427732e-06,4.45472283207696e-06,8.57056213557294e-06,7.04183826377391e-05,0.000104506251973062,0.00010788922491149,0.000104755947003894,0.000107295387572384,9.84228030381542e-05,0.000129759795073556,0.000123214547735154,0.000111370814136384,0.000114251185193997,0.000137082987151696,8.3079403786757e-07,9.61762618629215e-07,6.34506097071436e-07,1.67939984002403e-06,1.55141177157001e-06,1.25418111099133e-06,1.33137580381067e-06,1.03484160664528e-06,1.01962679826386e-06,8.14751587693331e-07,6.21536257786771e-07,3.77114395373412e-07,3.57412003259996e-07,4.08265630317327e-07,3.330055988005e-07,4.71968034066082e-07,4.38401534591977e-07,3.97549958521397e-07,4.38213119962272e-07,3.40034260971284e-07,4.56158329285574e-07,3.29395237281868e-08,1.4781642860414e-08,2.19325939250854e-08,1.73582974577284e-08,5.05330251983821e-08,5.461887644951e-08,1.55012828330263e-07,1.20039600812655e-07,1.92270807084155e-08,1.7529447387609e-08,8.99452438247098e-09,1.25826046511018e-08,3.7619312973386e-08,1.39905875964293e-07,7.7584633278715e-08,8.89435234571223e-08,9.35557290878389e-08,6.88425099673817e-08,7.28698023790558e-08,1.2572681303182e-07,1.97622180315931e-07,1.74342114283063e-07,1.66798148898211e-07,2.5501854909133e-07
"IP",8.3315205889104e-05,0.000101756861746239,0.000105450594579548,0.000209373505519714,0.000106732560340481,9.66849990323679e-05,8.83298009741575e-05,0.000228135899396444,0.000345192988645592,0.000370088357440539,0.000425481642464962,0.000442404059580466,0.000460483540495217,0.000494908613823468,0.000523681000439361,0.000591811723350591,0.000435114027404577,0.000905249723070201,0.000218545386739123,0.000264297271189884,0.000313487316992357,3.26601325830473e-05,2.04179967398828e-05,3.10996867646983e-05,0.000134773509026401,2.10502986080825e-05,5.38207932171985e-05,0.000125283084267098,0.000439162531483733,0.000126457596687491,0.00037987611040694,0.000414611508280077,0.000385962975683806,0.000445902676839676,0.000385060812440403,0.000314325374540367,0.000205028452436468,0.000187077595761131,0.000208271703411491,0.000213044549584886,0.000197526181720674,0.000139972507442409,0.000125597010955917,0.000178932307530709,0.000115145395320388,0.000173537267206192,1.18060520897781e-06,8.89672223774262e-07,1.35425739839945e-06,2.6392264400643e-07,1.63410703986637e-07,3.94352637276231e-07,2.2227698816897e-07,1.15347900698842e-07,1.59787129114917e-07,4.62717178009627e-07,7.85405601691402e-07,7.45066023391614e-07,7.11057831701802e-07,7.60440493603025e-07,6.34569816715414e-07,4.96910639919094e-07,5.59546151558623e-07,4.62724101832583e-07,5.41562771016769e-07,5.18600353814823e-07,7.02095562316277e-07,1.56650054382664e-06,1.68513631071008e-06,1.46169252375268e-06,1.36662894027147e-06,1.32920938208757e-06,1.33368750529913e-06,1.18869417725045e-06,1.56342164467453e-06,1.3323650963797e-06,1.24800962179717e-06,1.4729154974619e-06,1.18244027755925e-06,1.17006066049224e-06,9.08747399048407e-07,9.10136157604328e-07,1.06682317616879e-06,9.25116418561699e-07,1.0782751236062e-06,8.73434836763646e-07,9.29584298283773e-07,9.12531728915021e-07,8.7014600194013e-07,9.65475494995951e-07,6.74283660336071e-07
"ExDp2",2.93169542533715e-05,2.96102666813734e-05,4.76195912239117e-05,3.19352404303038e-05,6.98925174749774e-05,2.05044578554851e-05,0.000186568814246854,6.40260177905621e-05,3.2923169688851e-05,2.58318913107542e-05,3.12203395173563e-05,2.38297962780229e-05,2.25450077762106e-05,2.48776349254888e-05,2.35296837177465e-05,4.04762478289147e-05,4.91780564126683e-05,3.97720176465324e-05,0.000329336846551636,0.000143675925762738,0.000170231969369928,0.000823215981433351,0.00080326078967141,0.000570869678213316,0.00030005858344896,0.000520628140737501,0.000349242979584886,7.96022472113496e-05,2.5052381391405e-05,0.000217404758463212,4.70510610935824e-05,3.05679103676374e-05,2.01014989932315e-05,2.14576745242498e-05,2.75335514404046e-05,6.43351710164094e-05,0.00013179391002331,0.000117396903418484,0.00011664955733319,8.43310028151402e-05,9.21011072587539e-05,0.000181192099365026,0.000184181932336328,0.000157506525428545,0.000198798805843901,0.00018962303395704,3.20661497519331e-07,3.28809802722962e-07,2.33584336195101e-07,9.52675170952095e-07,1.35942918692785e-06,1.10643867322137e-06,1.4925285405608e-06,3.47848248548777e-06,2.13588364451837e-06,1.54663421604515e-06,7.65551846228476e-07,4.45708396660916e-07,3.74005849868565e-07,3.82849604282126e-07,3.32724524793994e-07,6.83547425234439e-07,6.96454704768987e-07,6.01076510895364e-07,6.25564772012881e-07,4.23303573173972e-07,5.80730642610814e-07,9.60146460066265e-08,8.02702009454818e-08,7.90686134513059e-08,6.98526036304746e-08,8.44298702925265e-08,8.32664462380479e-08,1.55920518450752e-07,1.20054936015935e-07,1.08995786542106e-07,9.5819662409289e-08,7.63097697182064e-08,7.70555835943349e-08,1.29289549830955e-07,8.8446272978805e-07,4.32570229411376e-07,2.45244549624553e-07,2.9560733715313e-07,2.97521738262876e-07,2.66281143467692e-07,4.59347420993929e-07,3.13519080843665e-07,4.41498793875088e-07,3.74891441260923e-07,3.92365448048387e-07
"ExM-U",1.01501427995572e-05,1.43540997489761e-05,2.235452997984e-05,1.01684225406586e-05,3.40512260964513e-05,1.86029375685934e-05,7.89862935857009e-05,2.39043194630855e-05,8.44021859198413e-06,8.3778124454391e-06,9.86739824221173e-06,6.67402150487593e-06,5.08729294400445e-06,8.63674396132473e-06,6.53999521654844e-06,5.10317230494642e-05,6.74834669731481e-05,2.3967848067419e-05,0.000313090837044181,0.000251158003442885,0.00019829829992964,0.000492303043986063,0.000439783640931625,0.000541113567645164,0.000386936453897017,0.000617390010293656,0.000564977889556252,3.60219571603738e-05,1.50760024605942e-05,0.000161733835567601,2.25204607609629e-05,2.09306449732399e-05,9.17691006031845e-06,7.36179322578362e-06,1.29429995496303e-05,6.02155328981416e-05,0.00011551931459555,0.000114675221310535,0.000111415760345965,9.66516367008031e-05,9.04811206441328e-05,0.000155667707736267,0.000157755408159296,0.000137484759559777,0.000154538692008429,0.000161879207413041,3.95614521166081e-07,5.02279219226927e-07,3.16560973825352e-07,1.38866160428894e-06,1.71662376131164e-06,1.23072225307436e-06,1.46834045764485e-06,1.99778655319658e-06,1.49049213743485e-06,1.1113942192786e-06,6.13865932805872e-07,4.07631046568264e-07,3.54980191601878e-07,4.0069488646504e-07,3.3041075376457e-07,5.8580814739033e-07,5.68860505750163e-07,5.03219708109778e-07,5.30611256495983e-07,3.78308948504876e-07,4.73173317561751e-07,4.43677521930731e-08,2.5324598635891e-08,3.19512170199168e-08,2.58372211523338e-08,4.83798271432737e-08,5.07397350304305e-08,1.33597349856273e-07,8.76757617840051e-08,3.12808227556402e-08,2.88685890846912e-08,1.94608858926591e-08,2.23796765016841e-08,5.47192264266897e-08,3.66865758884389e-07,1.80592482637326e-07,1.20097512663601e-07,1.21810089362169e-07,1.24908294644136e-07,1.11356987088421e-07,2.06005461440829e-07,1.89505239660357e-07,2.31439394060592e-07,2.08768394179352e-07,2.80195980587035e-07
"InCGE",5.07707260612126e-05,7.48791486902089e-05,8.53700430528184e-05,6.13606080422381e-05,0.000158588308627602,9.22840802232297e-05,7.30050712455775e-05,6.57757371789131e-05,4.71543947618196e-05,5.04078466733034e-05,5.13541051967922e-05,5.0688832558989e-05,5.54658867182503e-05,6.20572171095662e-05,6.54674794101599e-05,0.000115046143404826,0.000126355278354704,0.00016633868100688,0.000132862373454371,0.000116210555421115,0.000142733224800465,9.23152921670735e-05,8.67496046519573e-05,9.373940504315e-05,0.00010710828994719,7.33916891933816e-05,8.65212831998347e-05,0.000112653087542271,0.000111982909163982,0.000170554303140365,0.00016175623456634,0.000196831308446151,0.000123400482436846,8.07920372416403e-05,0.000159551831975407,0.000454586135611263,0.000648995967863963,0.000604310753705255,0.000650320015509138,0.000531548705583906,0.00055435108102516,0.000683438768801344,0.00063051437139776,0.000743446491569217,0.000689792999916206,0.000452748911387479,4.14232220370193e-07,3.36910270625366e-07,3.43742136834977e-07,2.7674432655102e-07,2.57450630480069e-07,3.12355752746394e-07,2.97799159262081e-07,3.85521374492761e-07,3.11150892894273e-07,6.38478171120701e-07,4.50758834599147e-07,2.33688118974936e-06,2.10069154330657e-06,2.15717074433352e-06,1.84004245251395e-06,2.4584352866205e-06,2.76372853712284e-06,2.25376224371369e-06,1.85904925743613e-06,1.58412298885566e-06,1.0181063930722e-06,5.67156520197827e-07,2.14981585519757e-07,3.83715226386569e-07,2.68666199248749e-07,4.63761152481777e-07,4.21960558885235e-07,1.02406725726321e-06,6.32887716523408e-07,1.81227776310111e-07,1.59496812115354e-07,1.73704913622487e-07,1.5330867513895e-07,3.50685014181836e-07,4.48446262319093e-07,3.51101749058836e-07,4.41416790022559e-07,6.21745206498499e-07,5.47113521745989e-07,5.17181833670656e-07,7.2384817972495e-07,8.11718294474432e-07,1.04110490635955e-06,7.90518373177632e-07,7.39580604648298e-07
"InMGE",4.51151608150945e-05,6.88496104572967e-05,8.46789110344369e-05,5.57088340995013e-05,0.00015020420619153,8.75912984557762e-05,6.61876344445487e-05,5.37318051186143e-05,3.59340777953962e-05,3.72522832274673e-05,3.82345439708127e-05,3.44875424821136e-05,3.98218818455295e-05,4.68718320223172e-05,4.58207718643321e-05,9.46021611570109e-05,0.000112228152200117,0.000136694698864488,0.000128860496001494,0.000113320600718233,0.000141210131015926,0.000109789622358764,0.000103706368294722,0.000110272588206542,0.000110311479127737,8.83729915042578e-05,9.70274720022684e-05,0.000102980784139407,8.89132907966444e-05,0.000166968796235798,0.000138584677473351,0.00016809283781047,0.000101377147752284,6.47660591516331e-05,0.00014349522580089,0.00043365936956059,0.000660941662139351,0.000616861221931927,0.000659587764640251,0.000534621260778799,0.00056534017658078,0.000742709154511992,0.000704248366895534,0.000700364860029927,0.000620537957194352,0.000469492370045342,3.87832083287834e-07,3.20496351141929e-07,3.03480591309583e-07,2.97342775149775e-07,2.92833025966528e-07,3.22687488685057e-07,3.31270137541804e-07,4.59130137788878e-07,3.56098459055535e-07,6.46322820109837e-07,4.37297531805568e-07,2.37521124339736e-06,2.13871694239098e-06,2.18682563835012e-06,1.86943826738645e-06,2.69952903336865e-06,2.55071240475862e-06,2.26706995834567e-06,1.8973727964027e-06,1.61239694240511e-06,1.01903178730931e-06,4.90024870307761e-07,1.57115382548498e-07,3.22347733853561e-07,2.1590651834533e-07,3.89953912736786e-07,3.49895100666828e-07,9.53485943433933e-07,5.67875724442049e-07,1.35892843699438e-07,1.19059539649513e-07,1.21787616681299e-07,1.12407927368268e-07,2.92559662940274e-07,3.92111274841455e-07,3.01336130037933e-07,3.91617622231444e-07,5.63944442612967e-07,5.26242274776007e-07,4.82005032783131e-07,6.66355537099658e-07,7.6157582019964e-07,9.82710836204715e-07,7.40213448549961e-07,7.19714456053822e-07
"oRG1",0.000224726791598755,0.000210919044465398,0.000252347066232578,0.0003820990152833,0.000224117729556548,9.04517370535881e-05,0.000275616335223818,0.00084449991710045,0.00118494877188401,0.00107388220317124,0.00138858028056747,0.00116229624767788,0.000919513986554096,0.000662883420873162,0.000730648972223681,0.000104468928871733,3.67283289042962e-05,0.000656014916365555,1.65803258617516e-05,1.29668631728768e-05,1.68884114243655e-05,6.87579728605114e-06,6.30585417784795e-06,5.84607726644848e-06,1.65762464466327e-05,6.48759763955824e-06,6.37048999621952e-06,0.000176807597378892,0.000714320711598656,6.10971590421324e-05,0.000908154141332262,0.000636514748837169,0.000511329313594783,0.000645414469727567,0.000495022189760021,0.000163443446505174,3.54978525031899e-05,3.29539188062603e-05,4.64030588695202e-05,5.786246951404e-05,4.44810169888882e-05,1.83217417674838e-05,2.04922877710058e-05,2.897727044312e-05,1.7576843402831e-05,2.20425951723766e-05,8.63920116309112e-08,6.10216888727496e-08,2.00436339857365e-07,3.23526053951222e-08,2.63735791727473e-08,3.60777104800928e-08,2.59191142914729e-08,2.86617438742694e-08,3.08118332030727e-08,1.95662472879048e-07,1.75206574574491e-07,1.47981202346834e-07,1.51619681946363e-07,1.7275458055924e-07,1.3909540810866e-07,7.29338346368218e-08,8.82151088821557e-08,7.01574342290982e-08,7.47773110302474e-08,9.92153658282786e-08,2.85941873651793e-07,2.04981904742494e-06,2.30588006708971e-06,2.021023360615e-06,1.8841225660688e-06,1.95146830643499e-06,2.05114918803464e-06,1.20403502033506e-06,1.31351390554366e-06,4.20675635971337e-06,3.98748682070739e-06,3.41670888047308e-06,3.20969477135653e-06,2.97598088609723e-06,3.13570601452817e-06,2.61698074508057e-06,1.69348950471243e-06,2.18725224316871e-06,2.22303155295117e-06,1.9038763300598e-06,1.58720234214265e-06,1.18150327773446e-06,1.49936577097175e-06,1.50042570040664e-06,7.02100292269953e-07
"PgS",0.000139704450038073,0.000150667037940097,0.000179365851055002,0.000610180026293666,0.000144090167368363,8.26930027127671e-05,0.000183486924826077,0.000453748157632808,0.000669515608065267,0.000632470946593505,0.000798222773535763,0.000995702073755983,0.0013000150137865,0.00146214381130027,0.00141959078321609,0.000253719044635988,8.04957526447915e-05,0.000777809401213647,3.77010103287453e-05,2.43785705351645e-05,3.73126313799396e-05,7.46003982309389e-06,5.79322394211311e-06,5.22564808611398e-06,2.39869971450502e-05,4.71208805514709e-06,5.96455828528716e-06,0.000182747687394232,0.000960302614577959,4.98658637133254e-05,0.000643419931951071,0.000752490735622049,0.00102733017940435,0.00133562357902496,0.00107790500168522,0.000257892823945234,6.27797142766951e-05,4.50312845732635e-05,8.3610289799193e-05,9.20888292717046e-05,7.31771685409947e-05,2.8073433572015e-05,2.2464670366244e-05,4.5873984174659e-05,2.45123519296725e-05,3.36232698656627e-05,1.89652820675485e-07,1.30168133367094e-07,4.73436910957245e-07,4.1834145901467e-08,2.85326171617507e-08,6.81366294286058e-08,3.84259366423211e-08,2.88063056758749e-08,3.49824538869932e-08,1.6947062834936e-07,2.80040182183346e-07,2.64004689074366e-07,2.5781832732993e-07,2.61616916151046e-07,2.22533634858567e-07,9.48087383231622e-08,1.32532809609742e-07,9.92416039030444e-08,1.10877796526925e-07,1.51033674138296e-07,3.26174352465711e-07,4.28424798310233e-06,4.76802468986369e-06,4.19908489831308e-06,3.86268597749417e-06,3.01024367122221e-06,2.9250975839672e-06,1.75410771102986e-06,1.67104799360479e-06,2.42627137906097e-06,2.32749959129939e-06,3.72886320039119e-06,2.61738799609694e-06,2.24726404590535e-06,1.83549078608697e-06,1.76207557283573e-06,1.47215676990179e-06,1.47261963005263e-06,2.592466065215e-06,1.75843770436894e-06,1.54870471738866e-06,1.11042547379414e-06,1.1196257436734e-06,1.22462864384872e-06,6.06251103038381e-07
"vRG1",0.000224263087235855,0.000211452626619743,0.000272709783119487,0.000398697451222366,0.000219714091039604,0.000101523597375401,0.00024825465236434,0.000763123417085543,0.00110231282976065,0.00105558623115374,0.00130565540623773,0.00111247168251132,0.000913016341450676,0.000670120128824617,0.000736210837649024,0.000120316185473766,4.45590028153042e-05,0.000678404615543398,1.88147284985118e-05,1.61813198528391e-05,2.22822851472304e-05,6.40063554600104e-06,6.01524665316301e-06,5.82198113820987e-06,1.78837324654416e-05,5.93424938133168e-06,6.3145217273651e-06,0.000187573071474583,0.000721143800766682,6.48101522132943e-05,0.000886823673567035,0.000642801895581887,0.000522168127912468,0.000654378117373428,0.000507146830785616,0.000183494233678783,4.38531700918868e-05,4.24896993183994e-05,5.88247889195114e-05,7.07495982445157e-05,5.44102477152449e-05,2.35538758695995e-05,2.57570735748036e-05,3.63590925759093e-05,2.06870374836641e-05,2.78377322316163e-05,1.07236316820621e-07,7.51990244120624e-08,2.3259688886073e-07,3.40256617194717e-08,2.62308688913232e-08,3.93138610541127e-08,2.72418379649461e-08,2.7109668676889e-08,3.11970692502267e-08,2.07281897302509e-07,1.94222620110892e-07,1.85424221313474e-07,1.87437615503619e-07,2.15337111629597e-07,1.72715277501953e-07,9.25667330816424e-08,1.07925954828153e-07,8.73469748587215e-08,9.38163712901439e-08,1.21947012386824e-07,3.03520734902227e-07,2.09610085593655e-06,2.32738285186297e-06,2.05647127377204e-06,1.90879534506837e-06,1.97340100332354e-06,2.07364240700527e-06,1.25149341822409e-06,1.35642411622044e-06,4.01843585546726e-06,3.77809441340979e-06,3.32240699647706e-06,3.07904086672064e-06,2.87854543513517e-06,2.83390254339243e-06,2.44834461622209e-06,1.64054746561709e-06,2.1898159791686e-06,2.35668720591699e-06,1.96375696964736e-06,1.66120282430295e-06,1.26911784800422e-06,1.51671009125293e-06,1.48584470225527e-06,7.04231402230448e-07
"ExN:ExM",7.76711056506093e-06,1.42290800057477e-05,1.42320686879375e-05,5.92235415677695e-06,1.89961481203392e-05,2.99255917294165e-05,1.39397806467687e-05,7.39876478937507e-06,7.57370725070766e-06,1.39031381234904e-05,1.10554135421586e-05,9.28319316432648e-06,6.53567973449373e-06,9.78643039430432e-06,1.2501966866177e-05,0.000158206568891131,0.00017945253526557,0.000122293228404088,0.000191776503011023,0.000246914559730866,0.0002388624198079,8.78771549474147e-05,6.4791936994422e-05,0.000142294427231061,0.000218328944072001,0.000131555312756496,0.000199286184633363,2.1585675234274e-05,2.62021980073162e-05,7.3002508468533e-05,2.62497836207887e-05,4.04358348705235e-05,1.67191499849823e-05,8.83932832495997e-06,1.59453243023791e-05,8.67382646206443e-05,0.000102927947669987,0.000101934609067144,9.83712430336653e-05,9.79029132706874e-05,9.63631245367168e-05,9.97018602456916e-05,9.38198163960193e-05,9.65903621323272e-05,8.21709008338641e-05,0.00010902370601127,6.41482046086321e-07,6.0795584612992e-07,5.23449767052979e-07,5.95547412759714e-07,5.0080143535926e-07,5.06150518268867e-07,4.60007854113133e-07,3.28928854227335e-07,3.44227107709793e-07,3.68325932641507e-07,3.83596588449281e-07,3.62944041107378e-07,3.4684770023169e-07,3.79291081831709e-07,3.14542356872781e-07,3.6120442647006e-07,3.44734667867766e-07,3.08489414366604e-07,3.46236897421061e-07,2.87166671841932e-07,3.22884853803874e-07,6.55982014239477e-08,3.71317140717813e-08,4.37372376405036e-08,3.726628919587e-08,8.77706330259911e-08,8.85037654002061e-08,2.03018271618843e-07,2.28042727755292e-07,3.99395131235444e-08,3.44642177163213e-08,2.60546967677411e-08,2.75532449966709e-08,5.80617633916024e-08,7.32740647549566e-08,5.97724094554838e-08,1.26071679102274e-07,1.07893591352624e-07,7.83936616652675e-08,8.31525414175674e-08,1.34498430055814e-07,2.14547596418125e-07,1.76314718325113e-07,1.69553345945668e-07,1.90078642153201e-07
"ExN:IP",2.18702705854115e-05,2.78597386368251e-05,2.8791209425031e-05,5.16157775345286e-05,3.03114236015476e-05,3.04308372490822e-05,2.49451936267607e-05,5.65393408755236e-05,8.45220967747534e-05,9.20003175288096e-05,0.000104590438858572,0.000108201332617144,0.000111864533656201,0.000120908694658094,0.000128438078003105,0.00017991117357788,0.000147568398982516,0.000246216638859694,0.000100063709882959,0.000123867794306929,0.000133418397408502,3.16930351665016e-05,2.29317322974928e-05,4.46305469441768e-05,8.67820200581024e-05,4.00886713301489e-05,6.38554370805785e-05,3.5382735713023e-05,0.00011153029131275,4.8702278012259e-05,9.73891289772659e-05,0.000109099268075672,9.64878079193567e-05,0.000108940017878643,9.61101995612551e-05,9.6415712306062e-05,7.44491055814213e-05,6.99048366579641e-05,7.41108626935942e-05,7.50496518959139e-05,7.09310033685916e-05,5.83307742350529e-05,5.3488833667144e-05,6.68120095863584e-05,4.81772989197948e-05,6.86216021965069e-05,4.38666239014288e-07,3.61600744838066e-07,4.51353782043571e-07,2.13795349389498e-07,1.68939558628207e-07,2.22661612433676e-07,1.71875578847007e-07,1.17839745732934e-07,1.28745891129134e-07,2.05031958085577e-07,2.82026249874695e-07,2.67815646507546e-07,2.55493540720184e-07,2.7535161940772e-07,2.29112004316537e-07,2.08991165236013e-07,2.19955874777484e-07,1.87702519610943e-07,2.15507219728738e-07,1.94479472591495e-07,2.38101813686824e-07,3.91120343327284e-07,4.12574065628586e-07,3.60692345300545e-07,3.36302703122375e-07,3.39484490820943e-07,3.40567474707378e-07,3.33616498396321e-07,4.28326446539357e-07,3.28784053470624e-07,3.07238405074109e-07,3.59048910371397e-07,2.89808811247245e-07,2.94250696772969e-07,2.37206162922658e-07,2.32642858317608e-07,2.8463267768716e-07,2.48066276083186e-07,2.77699137230164e-07,2.29632119878662e-07,2.55982420577208e-07,2.70677820350416e-07,2.51440450100556e-07,2.6166756538208e-07,1.9802981999391e-07
"ExN:ExM-U",7.80008203589782e-06,1.03069800894589e-05,1.24831094797019e-05,1.49571282679315e-05,1.58405801438663e-05,1.19897505016801e-05,2.509077944892e-05,1.94298406191938e-05,2.23754140057109e-05,2.41577515066626e-05,2.75317499289808e-05,2.76260460642e-05,2.81374676145218e-05,3.11730528324111e-05,3.24776606623596e-05,5.55975749236745e-05,5.18309205826664e-05,6.51236069489069e-05,9.93208461622306e-05,9.01321862859469e-05,7.98374789051127e-05,0.00012581737795652,0.000111124141989224,0.000140590058060061,0.000113760701905498,0.000157708453285298,0.000150865270438228,1.73999770104755e-05,3.05950277605001e-05,5.08710485846731e-05,2.91284499441636e-05,3.16406441686821e-05,2.56132653087927e-05,2.80512766641499e-05,2.65324814356097e-05,3.87320009287606e-05,4.72979036070823e-05,4.58847935651087e-05,4.62332447212515e-05,4.25859342366681e-05,4.01957980017791e-05,5.32150585395088e-05,5.24304592340161e-05,5.0914695283508e-05,5.03554993537025e-05,5.64763139475415e-05,2.00923351332043e-07,2.07759461688172e-07,1.84733996027728e-07,3.8462117091029e-07,4.52396730274368e-07,3.49087731064755e-07,3.93518369455359e-07,5.07975658498263e-07,3.88681738551642e-07,3.16235338147898e-07,2.134067248052e-07,1.68245343835364e-07,1.51988301549744e-07,1.67848063442465e-07,1.39007643391474e-07,1.97463984363067e-07,1.96247394853499e-07,1.71575672769601e-07,1.83895990066915e-07,1.39844338176696e-07,1.68359091892865e-07,1.0573682435247e-07,1.05364266343179e-07,9.49775386055063e-08,8.73077555229991e-08,9.38798206345933e-08,9.44862417393022e-08,1.14002347109108e-07,1.2470307567792e-07,8.66459079934725e-08,8.08412972259459e-08,9.10303595325181e-08,7.50315140898615e-08,8.4288360571692e-08,1.45796239105306e-07,9.95165600278801e-08,9.5932521704885e-08,9.0186198735479e-08,9.78767913582971e-08,8.29901871816065e-08,1.1243099523854e-07,1.12266062216096e-07,1.17512665327555e-07,1.10304436804903e-07,1.02341108813095e-07
"InCGE:InMGE",2.30064704383929e-05,3.44780120805095e-05,4.0794683439231e-05,2.81191809622841e-05,7.40423860210991e-05,4.31432418887662e-05,3.34860496182497e-05,2.87292177772237e-05,2.00205447352859e-05,2.11251226020296e-05,2.16052346819488e-05,2.0549089490018e-05,2.29734412889905e-05,2.62580458948177e-05,2.6830241232521e-05,5.05175676646955e-05,5.74261510897165e-05,7.29321389192e-05,6.32586897015956e-05,5.54829495533743e-05,6.84560884673484e-05,4.9170041771987e-05,4.62952109590956e-05,4.96936467195407e-05,5.27299354567444e-05,3.96712064825603e-05,4.48359225759968e-05,5.17411404209805e-05,4.82788122749987e-05,8.11296981050223e-05,7.20869320056796e-05,8.75663988303595e-05,5.39706619406026e-05,3.50122150585411e-05,7.27203006063011e-05,0.000212934673419875,0.000313975178377108,0.000292708861905392,0.000313961215438215,0.000255568040533652,0.000268372369039542,0.000341843247285752,0.000319954500897257,0.000346057814676464,0.000314092507670909,0.000221185982784939,1.93196481462049e-07,1.58544214546384e-07,1.55911166628073e-07,1.39707910551716e-07,1.3439892291544e-07,1.54090686054781e-07,1.52848216194525e-07,2.05355929537439e-07,1.62014908198489e-07,3.09198865426361e-07,2.11772975742341e-07,1.12950550211032e-06,1.01618898372223e-06,1.04126441476907e-06,8.89519486815291e-07,1.23651370645833e-06,1.27397949685252e-06,1.08369677601055e-06,9.01277602487766e-07,7.63433785010257e-07,4.82176020099925e-07,2.53744426093291e-07,8.96493223496949e-08,1.69565924642153e-07,1.16463712759937e-07,2.04761362027941e-07,1.85297939012018e-07,4.7380509398945e-07,2.87886576843631e-07,7.63866557599304e-08,6.70864248063805e-08,7.12230197309653e-08,6.39146911262788e-08,1.54356852830237e-07,2.02133994909629e-07,1.56398920763518e-07,1.98741687600975e-07,2.8445448347455e-07,2.5759958471029e-07,2.39684285993787e-07,3.33650268537645e-07,3.77013988111025e-07,4.8490651893544e-07,3.57098514381372e-07,3.28474992655195e-07
"ExN:InMGE",7.45390296806496e-06,1.08039100497987e-05,1.28885090558206e-05,1.04114257861821e-05,2.1704776045952e-05,1.32571917271796e-05,1.45240709773269e-05,1.17050502449904e-05,1.02481735866696e-05,1.0920754039671e-05,1.18611075800652e-05,1.16157927167041e-05,1.23213891579944e-05,1.38467060751265e-05,1.42889282927271e-05,2.5520480548741e-05,2.62983997235399e-05,3.31758989767831e-05,3.98551732800002e-05,3.52736503726169e-05,3.59866865128218e-05,4.42244293138638e-05,3.99323252506478e-05,4.71569349415267e-05,4.07021213593635e-05,4.86917237003018e-05,4.7837250807949e-05,1.676821333782e-05,1.89706985979407e-05,3.21820099871845e-05,2.43701237175214e-05,2.86389628537625e-05,1.91290944677519e-05,1.51832913531819e-05,2.3859646616285e-05,6.04404798434883e-05,8.68649598034995e-05,8.1397279075739e-05,8.65686436815798e-05,7.16248656047303e-05,7.41393547629856e-05,9.50898703317153e-05,8.96680471788622e-05,9.54889005022632e-05,8.7799408172187e-05,6.69994296328643e-05,9.524749045096e-08,8.86293866093391e-08,8.1779912506191e-08,1.28190571470184e-07,1.44292349859774e-07,1.23393236503046e-07,1.34956171297075e-07,1.80500852149672e-07,1.37177045307413e-07,1.53044252551945e-07,1.02669932080304e-07,3.11985961191606e-07,2.80827390511022e-07,2.90594765445631e-07,2.46636398361815e-07,3.45213245107545e-07,3.53922826737708e-07,3.02544841699804e-07,2.60628434582107e-07,2.17557785370612e-07,1.43723932234921e-07,8.64022533076236e-08,4.69737349935363e-08,6.35981733181437e-08,4.88720299654371e-08,7.16188697914873e-08,6.67209199350974e-08,1.40835185642302e-07,9.82984271228328e-08,3.93398891884961e-08,3.5647190517988e-08,3.90859762298827e-08,3.33737467842871e-08,5.72830517763421e-08,8.56222637480351e-08,6.20089977816731e-08,6.9574485752473e-08,9.0475205745502e-08,8.59440677893901e-08,7.79654986376986e-08,1.07858164238487e-07,1.17917503853197e-07,1.44283992203738e-07,1.0551281999088e-07,9.43537464014861e-08
"ExDp1:ExDp2",1.20788155857544e-05,1.26551589290003e-05,2.13932788726619e-05,1.40908086132409e-05,3.02488514806863e-05,8.96029351958091e-06,8.51597847690034e-05,2.74624812255031e-05,1.34344685870432e-05,1.04216665504512e-05,1.27189706435757e-05,9.78683711811455e-06,9.32987775703975e-06,1.09598703744707e-05,1.00378951497664e-05,1.84147261430212e-05,2.35814844435522e-05,1.72471818749253e-05,0.000161052542188418,7.09172789453905e-05,8.32478966695374e-05,0.000404503223992639,0.00038960594974892,0.000277156006681371,0.00014555198573593,0.000248303129904851,0.000169801350031664,3.56470221271595e-05,1.06935641363384e-05,9.92589668080507e-05,1.98789162775191e-05,1.30504906709168e-05,8.63027464838255e-06,9.15971380778948e-06,1.18879953902904e-05,2.86847847792389e-05,5.98088369052029e-05,5.35757592331486e-05,5.30678579966301e-05,3.81968564872661e-05,4.17685084691256e-05,8.31515122063756e-05,8.4561838536092e-05,7.2765963285331e-05,9.0163721167418e-05,8.773189462206e-05,1.56025983252159e-07,1.61123665168861e-07,1.11639375656813e-07,4.6236708011122e-07,6.52034125795495e-07,5.35534898130182e-07,7.23997761093581e-07,1.69744718842817e-06,1.03949178619993e-06,7.33265464159851e-07,3.60270017123012e-07,2.0247697733229e-07,1.69718085931672e-07,1.74107112533604e-07,1.51204396134782e-07,3.13735298781577e-07,3.18278360549516e-07,2.7528974943511e-07,2.88209205945278e-07,1.92365954268364e-07,2.68049250275981e-07,4.13347613713688e-08,3.47960435470796e-08,3.38833380638866e-08,3.00524290684329e-08,3.60863402955212e-08,3.55768774576577e-08,6.87638918457787e-08,5.24776855764487e-08,4.42417756939237e-08,3.89503811716206e-08,3.14315162798596e-08,3.15389313151264e-08,5.46096763276195e-08,3.99477080894535e-07,1.93594221684277e-07,1.08720742683721e-07,1.24103310837882e-07,1.3273962587964e-07,1.15479341290023e-07,2.04110310204925e-07,1.38139270598916e-07,1.91995331061193e-07,1.61972093011715e-07,1.62183108570508e-07
"ExN:ExDp2",5.04463160086031e-06,5.9426238550926e-06,8.56155230549053e-06,6.59357794382843e-06,1.2694557750988e-05,5.47919429142055e-06,2.42606152989481e-05,1.0140450359079e-05,6.65591834626754e-06,6.0183184381204e-06,7.01890857098721e-06,6.3156309484581e-06,6.5876692626483e-06,7.42277042654191e-06,7.21579616630197e-06,1.0747614913053e-05,1.20191935117355e-05,1.29110950055469e-05,4.81589400810586e-05,2.54558030123845e-05,2.85948140382816e-05,0.000107495418000698,0.000102900251872872,7.76891671403403e-05,4.46367779795791e-05,7.11464663196368e-05,5.21348798894718e-05,1.28371466081385e-05,8.16400068453903e-06,3.15716523762822e-05,1.14874028923271e-05,1.08242599243083e-05,7.66131167206634e-06,7.21711271540714e-06,9.62808467168121e-06,2.16353092429629e-05,3.52204579660515e-05,3.24048388311169e-05,3.35593221550807e-05,2.64236568801018e-05,2.78653341070696e-05,4.27464103820054e-05,4.17841148670681e-05,4.03728024457608e-05,4.26759901028727e-05,3.71149736858905e-05,6.03530603920612e-08,5.98451814162807e-08,4.63344488517185e-08,1.41515221597359e-07,1.90714643910961e-07,1.5788609885593e-07,2.05427363737089e-07,4.49870145237067e-07,2.8135888478267e-07,2.11422211095362e-07,1.09142764453084e-07,1.23618917346085e-07,1.08177806704087e-07,1.1163836827127e-07,9.53425515723429e-08,1.58097912631306e-07,1.61308492393531e-07,1.38256530009153e-07,1.31762774613561e-07,9.58702260602159e-08,8.93482726787313e-08,3.4811687042966e-08,2.42847136145556e-08,2.75519434936645e-08,2.26267347601385e-08,2.8516462842916e-08,2.72575079663628e-08,5.12983505872848e-08,3.7361977807261e-08,2.35121834985232e-08,2.11181788001282e-08,2.10670722986488e-08,1.86137065349343e-08,2.94027331663982e-08,1.19493257389469e-07,6.34435638294523e-08,4.32852777542936e-08,5.48507059370132e-08,5.60398984696214e-08,4.93443425240278e-08,7.70911147912831e-08,6.29705799322412e-08,8.16665280937699e-08,5.92081895865646e-08,5.34821492686239e-08
"oRG:vRG",0.000108818478773855,0.000102519573112521,0.000127363273631532,0.000189590964027535,0.000107846534991576,4.65892218672257e-05,0.000128605578936729,0.000389344724269969,0.000552673435330959,0.00051434954744323,0.000650728246320883,0.000549914555816577,0.000443894359752604,0.000323826259577479,0.000355943914635292,5.4526924293459e-05,1.97338238194747e-05,0.000322778505170494,8.68267972570607e-06,7.11013673727381e-06,9.56601011590964e-06,3.41299299699341e-06,3.19622623995412e-06,2.95687625210847e-06,8.42601690378614e-06,3.13634426490714e-06,3.14651412082044e-06,8.83937704818601e-05,0.000347640648461148,3.06555666315911e-05,0.000434113693389263,0.000309799956416955,0.000250901936433346,0.000315639336992558,0.000243470660651034,8.42189018786646e-05,1.94904126936387e-05,1.85319997647368e-05,2.57593300833186e-05,3.13783806804794e-05,2.41976715438447e-05,1.04079913404442e-05,1.14641477730939e-05,1.60996789840808e-05,9.55476467924964e-06,1.22815969444716e-05,4.70561320402913e-08,3.30882816731164e-08,1.04962728613959e-07,1.62906625502739e-08,1.30506215546488e-08,1.85410926800066e-08,1.31943932904056e-08,1.43696603336476e-08,1.5506449287938e-08,9.81485681679691e-08,8.93598410767419e-08,8.1697008626828e-08,8.29530176731875e-08,9.48781777056402e-08,7.61208547287263e-08,4.1042928091046e-08,4.85641573334703e-08,3.89496581225221e-08,4.14564064475043e-08,5.35978975385239e-08,1.2605095427033e-07,1.00685213267987e-06,1.12488182541778e-06,9.90159963182932e-07,9.20796125402001e-07,9.51129256557559e-07,9.98613583257052e-07,5.94032991801633e-07,6.42797089784425e-07,1.98729235295649e-06,1.87619200727857e-06,1.6306625487804e-06,1.52080191351226e-06,1.41577324178218e-06,1.45242059043182e-06,1.2271633485523e-06,8.04256816289166e-07,1.06161867884431e-06,1.11152659530243e-06,9.38208789116938e-07,7.88371469644676e-07,5.93265667594377e-07,7.32777872853602e-07,6.92217723517137e-07,3.3405514294244e-07
"oRG:OPC",8.0354494604222e-05,8.20410887997296e-05,9.85355415480144e-05,0.000154720243686666,9.10882009408826e-05,3.70492639017234e-05,0.000162530847779569,0.000275105007797221,0.000337939990451081,0.00030643102149257,0.000386168762511629,0.000347221840022618,0.000317476678663435,0.000270635312353428,0.000280768990649267,4.26826969360744e-05,1.62637880269658e-05,0.000212347644465456,1.09443474945646e-05,7.38871604966204e-06,1.03365863139904e-05,1.06826528510252e-05,1.11158635690897e-05,7.61144234798978e-06,9.46382098573209e-06,7.59462411928045e-06,5.42806864798573e-06,6.86762682157195e-05,0.000245775226783847,2.85549033380299e-05,0.000281903690115744,0.000217964382314667,0.000202792351464658,0.00025883385047317,0.00020405216713375,6.80555813323895e-05,2.53818621651325e-05,2.41835737546408e-05,2.99198046425463e-05,3.20487914230589e-05,2.76640254964738e-05,1.86421827951247e-05,1.92406340829576e-05,2.31040032469599e-05,1.88812151193302e-05,1.72644950605006e-05,4.21436548726944e-08,3.05519312326375e-08,8.45209307787438e-08,2.13315173980756e-08,2.33344087543898e-08,2.65971455416206e-08,2.50125099859821e-08,4.69346271850375e-08,3.40419081818838e-08,9.94973834335384e-08,8.07449168029948e-08,9.9718975369568e-08,9.75210593811657e-08,1.06842147956026e-07,8.77353837157763e-08,7.09805162059799e-08,8.0515991094521e-08,6.56286153339707e-08,6.25261669393783e-08,6.65674584060854e-08,1.14713341122574e-07,8.28289668864063e-07,9.1262542761894e-07,8.12855700368451e-07,7.48528388116529e-07,7.11805805084732e-07,7.22845469576931e-07,4.4077052443958e-07,4.45668181068741e-07,1.19966459802292e-06,1.12436312233188e-06,1.08828142863677e-06,9.60201523379158e-07,9.14037013167107e-07,1.30508677058895e-06,9.47587879224561e-07,5.95318983752427e-07,8.14474334588912e-07,8.83906249171902e-07,7.33359372374629e-07,6.14181964731141e-07,4.6795089610101e-07,6.00658077828992e-07,5.42982034274964e-07,2.5638491627666e-07
"PgG2M:PgS",6.8325519527358e-05,7.35697110192579e-05,8.92020486695267e-05,0.0003135809347603,6.60702060253518e-05,3.97546301443947e-05,8.74536474388261e-05,0.000213795048570195,0.000314672148205925,0.00029387130854492,0.000373635435999405,0.000466089030473779,0.000655009708275992,0.000771048665264152,0.00069449108038781,0.000116945899696795,3.48460585682046e-05,0.000363337320488108,1.762052136043e-05,1.05957403064739e-05,1.61829615613082e-05,3.71412920640918e-06,2.92417590053114e-06,2.60234130355255e-06,1.1314631929982e-05,2.41329728620682e-06,2.99386957320418e-06,8.97293135341139e-05,0.000477990072571236,2.3307368762789e-05,0.000303824803807858,0.000350346828461806,0.000503689513495954,0.00071024687413855,0.000542431962325573,0.000120301097245334,2.83883097436178e-05,2.04350260259756e-05,3.92436151144073e-05,4.26182883803283e-05,3.36459915797324e-05,1.31262912519111e-05,1.03481588470927e-05,2.08247625470792e-05,1.11429012405739e-05,1.54564924423645e-05,8.21351158838574e-08,5.68702847259574e-08,2.16841392930432e-07,1.99929405929801e-08,1.38812754080369e-08,3.20665808859843e-08,1.82933077792732e-08,1.4391726891021e-08,1.68566466312981e-08,7.92075103824157e-08,1.28453159505392e-07,1.21917805577631e-07,1.18707935848323e-07,1.20271465752339e-07,1.02262728656875e-07,4.39681033418005e-08,6.01786638975571e-08,4.5384716040244e-08,5.07708480688524e-08,6.86792330886172e-08,1.37339189552677e-07,2.13210479401027e-06,2.42581480397473e-06,2.16921348578504e-06,1.9772796558939e-06,1.47969394338347e-06,1.44671863165531e-06,8.51791797794923e-07,7.89079155501121e-07,1.13407504080349e-06,1.09013041292717e-06,1.8201984920663e-06,1.25732754979537e-06,1.07008718247106e-06,8.68834381961194e-07,8.34147901260093e-07,6.94900718308411e-07,7.20600555630589e-07,1.31948725155812e-06,8.81954242572207e-07,7.68468999108579e-07,5.41936881350781e-07,5.28580944681632e-07,5.45511626050124e-07,2.77045879523823e-07
"oRG:PgS",3.57947579485842e-05,3.74081356287346e-05,4.51005911540975e-05,0.000112277122401208,3.77436495706425e-05,1.84749080304127e-05,6.00505055299661e-05,0.000117234631385473,0.000156423434545641,0.000143885545783962,0.000182099075328735,0.000194896212118397,0.000233018147611698,0.000249581739670776,0.000233668972964175,3.8291825828086e-05,1.23086771568029e-05,0.000137982300936104,7.11958627149504e-06,4.45337781852389e-06,6.5171047200717e-06,4.06851827554862e-06,3.95729854406088e-06,2.89486820605612e-06,5.23531209668265e-06,2.80826859139041e-06,2.31845111066074e-06,3.80742437640168e-05,0.000173452168654982,1.26195604733786e-05,0.000140427505830634,0.00013622730759791,0.000169289877404275,0.00023219637885236,0.000178880844830059,4.52588453611613e-05,1.30914043734388e-05,1.08833628812851e-05,1.67712670018074e-05,1.8046699601169e-05,1.48584420820951e-05,7.86157940954974e-06,7.33568377982604e-06,1.076117980427e-05,7.44247733732751e-06,8.0572700271586e-06,3.00821237505949e-08,2.12263381126261e-08,7.22898277731958e-08,1.07045485320971e-08,9.98771891720405e-09,1.49071971816636e-08,1.14903497084759e-08,1.72663271098569e-08,1.3674919589279e-08,4.38575229726978e-08,5.00577082247865e-08,5.38073397055854e-08,5.23788276920196e-08,5.50395014900932e-08,4.58430523361176e-08,2.84379765758669e-08,3.46206995964574e-08,2.72991049378487e-08,2.76900073632591e-08,3.21762147129702e-08,5.54878052910128e-08,7.09520847877046e-07,7.99989631704429e-07,7.14751030076537e-07,6.53115000304275e-07,5.24525473124356e-07,5.18121463547546e-07,3.05782622470943e-07,2.91983168871351e-07,5.59445550235493e-07,5.30771849805912e-07,6.9697909212717e-07,5.31286662100638e-07,4.74410939538268e-07,5.21334294196126e-07,4.24999228621902e-07,2.95550337504487e-07,3.69244766552331e-07,5.28692634154435e-07,3.88027537525247e-07,3.31587580470625e-07,2.42479002376954e-07,2.67039200286973e-07,2.51293766019134e-07,1.05999022051052e-07
"ExN:PgS",1.65761176911289e-05,1.50272646782869e-05,1.67717115308284e-05,3.19371320834038e-05,1.35767580010022e-05,7.988058428329e-06,2.19912700327903e-05,3.42703714476788e-05,4.28447886145434e-05,3.94693454415173e-05,4.91410623565997e-05,5.13623359910061e-05,6.02799507774304e-05,6.377147025231e-05,5.98794526749921e-05,1.21814158198332e-05,6.17084415232082e-06,3.81760220941597e-05,1.35903668134142e-05,7.46776188174866e-06,8.80760100308269e-06,2.69894468999152e-05,2.5867021690447e-05,1.9547591800955e-05,1.22809401144253e-05,1.79513121477924e-05,1.32962939282605e-05,1.49736973754372e-05,4.63504779742338e-05,1.14990899800517e-05,4.00629286394675e-05,3.78096749895832e-05,4.42390186060282e-05,5.9766269040719e-05,4.69407293809807e-05,1.74229944507508e-05,1.24145652422465e-05,1.11907288737244e-05,1.30279683398693e-05,1.15387826200131e-05,1.12062578550185e-05,1.27625124140869e-05,1.24537203942004e-05,1.29549754751234e-05,1.25543181896603e-05,1.14334407523996e-05,2.27419088223033e-08,2.02346855821198e-08,2.93371680832322e-08,3.72501222468865e-08,4.88536687156251e-08,4.20532384399313e-08,5.2466145079348e-08,1.13001656331897e-07,7.10069613912262e-08,6.34852276457952e-08,3.77015342285417e-08,4.5713415846719e-08,4.17126244082385e-08,4.30713645235848e-08,3.61480127081577e-08,4.70618620901244e-08,4.92424605340131e-08,4.18510321592321e-08,3.94347978175528e-08,3.14652890513389e-08,3.15580761942801e-08,1.85764366486659e-07,2.0471918365669e-07,1.85168853039224e-07,1.67800719030257e-07,1.38744470201573e-07,1.36175573760271e-07,8.93430707443578e-08,7.93879604348806e-08,1.53264531928666e-07,1.43976953757969e-07,1.81900771074198e-07,1.4056989627566e-07,1.30154137088823e-07,1.69444326538397e-07,1.25396876138189e-07,8.47590260570313e-08,1.58948303986518e-07,1.6763881322186e-07,1.4104662872364e-07,1.25585522825204e-07,9.51945876403443e-08,9.90478802810817e-08,7.33700396357086e-08,3.43695399227403e-08
"Endo:PgS",0.000287722752625646,0.000197586252848469,0.000167698988851989,0.000152294879645052,6.57588605220674e-05,9.59766824968887e-05,8.02890395721469e-05,0.000165294455035068,0.000168316616846037,0.000158364807993444,0.000172306911305464,0.000144579201979631,0.000134958844572628,0.000107519466487395,0.000105353471317587,2.13902299167697e-05,1.60908849159285e-05,9.44251266638589e-05,1.8038453562035e-05,1.4714742045462e-05,1.89375057498413e-05,1.76320776051779e-05,1.75476347327871e-05,1.49921474664448e-05,1.71105622105122e-05,1.42417331828426e-05,1.38835489084767e-05,0.000119676558144776,0.000130116729271533,4.09927891437117e-05,0.000163199515511847,0.000117209268570281,8.80075992784843e-05,0.000115269056399727,8.58430013658718e-05,6.28367198749177e-05,3.82927279766944e-05,3.71427264143822e-05,4.38733720479568e-05,3.99632219157888e-05,4.34486834247118e-05,2.98947051872349e-05,3.17949648831079e-05,3.27343418457173e-05,2.6002902955202e-05,2.84797013280985e-05,5.37456410169604e-08,4.35947090446581e-08,5.58330690075886e-08,4.44744452302138e-08,4.54466761092492e-08,4.68847986124653e-08,4.63596381395045e-08,7.56663202178255e-08,5.64476293574353e-08,1.44144296000837e-07,8.76138318192646e-08,1.48424395279914e-07,1.4925573099895e-07,1.46644241540614e-07,1.26928023062146e-07,1.1539408331684e-07,1.12895403823797e-07,9.87801926331061e-08,9.87793433215122e-08,9.74614098080625e-08,1.22938796889243e-07,3.5426324037984e-07,3.52991535834351e-07,3.54697756933781e-07,3.08426114387128e-07,3.41482007806986e-07,3.68668742983011e-07,2.742606089721e-07,2.32929388123343e-07,6.0657436677615e-07,5.31187518262644e-07,4.58644466091284e-07,4.31626238112653e-07,4.74273868989981e-07,7.14632751865361e-07,5.06873484562604e-07,3.23776056803406e-07,2.43462602827952e-06,1.19118538314295e-06,1.56133041559796e-06,1.19773010294504e-06,1.01320526543075e-06,7.20283284708717e-07,4.72481474048765e-07,2.41430313828044e-07
"Mic:PgS",0.000195083391638031,0.000159944401425764,0.000154386133525357,0.000150312004025754,7.23026596482595e-05,0.000144875029455075,8.8188876691155e-05,0.000179917252187892,0.000204214629194694,0.000197085813322296,0.000217455828150841,0.000188053261158091,0.000170271517839987,0.000135790609027279,0.000138923555201244,3.0185918728554e-05,2.13974885016659e-05,0.00012796338397122,1.96961509264407e-05,1.86514697534869e-05,2.30496502968561e-05,1.67409266041764e-05,1.60977896853496e-05,1.41890931869419e-05,2.02232856767445e-05,1.41841120350479e-05,1.5216442820095e-05,9.99686532252992e-05,0.000156555519932387,4.68091539324311e-05,0.000190247548526168,0.000142029935765985,0.000110952352459643,0.000139197675537731,0.000109515891265996,7.55448072671934e-05,5.28555362245241e-05,5.4903415136928e-05,6.38657966266971e-05,5.85614655853402e-05,5.82010059409444e-05,4.94437535679852e-05,4.92933720675208e-05,5.01343193411302e-05,3.85492573626986e-05,3.97907919934939e-05,6.85406572844469e-08,5.56762739256308e-08,7.58454997879051e-08,5.05915014561658e-08,4.80586391827045e-08,5.0390003504716e-08,4.64758364980926e-08,7.06527981563828e-08,5.50851877414691e-08,1.6160614386392e-07,1.04121054338308e-07,2.10468790405218e-07,2.05392183820077e-07,2.15484799215602e-07,1.80947927068035e-07,1.84186064070046e-07,1.70301703929998e-07,1.53652868181453e-07,1.44455159859026e-07,1.40863264669041e-07,1.61792463236362e-07,4.48736525199755e-07,4.55231518129407e-07,4.37602285883586e-07,3.88745621058188e-07,4.20938714377516e-07,4.4804499491925e-07,3.34675782199344e-07,2.9840552327084e-07,7.45595328564295e-07,6.6212215344502e-07,5.87601005696089e-07,5.43796833958138e-07,5.70030128245472e-07,7.82117658045552e-07,5.77158334474764e-07,3.8335920281812e-07,1.777057531011e-06,1.11846848557719e-06,1.24838214009057e-06,9.90742998894584e-07,1.17927564621064e-06,8.17836726124887e-07,5.53850632607203e-07,2.80361059134404e-07
"Per:PgS",0.000205844141031318,0.000233701957279819,0.000203669295988839,0.000196001237830893,8.02952790792197e-05,0.000101575552628834,0.000103190748020968,0.000215562560567107,0.000241048802018509,0.000225870327056139,0.000258496702806651,0.000221296454621026,0.000201612221248694,0.000163895484601651,0.000165720280012735,2.92802421087872e-05,1.79420964270436e-05,0.000140225686644637,1.4337070431775e-05,1.27879935575284e-05,1.64372168635501e-05,1.04442829740194e-05,1.01148541591998e-05,8.70264154542244e-06,1.40631663296872e-05,8.94886743194552e-06,9.226873687576e-06,0.000115781674086018,0.000180823356567537,4.46803402391642e-05,0.000225756007996916,0.000163374606602702,0.000130628288985163,0.000167928293437468,0.00012873676268078,7.5383497903328e-05,4.15731021311193e-05,4.20923458594606e-05,5.05970766664309e-05,4.99074009754134e-05,4.80308423253596e-05,3.3329536493454e-05,3.56010000761294e-05,3.63347991726101e-05,2.74462798010348e-05,2.99972516969416e-05,5.34478903753493e-08,4.15312965261725e-08,6.80757536643457e-08,3.31755238863013e-08,3.09530465960685e-08,3.48144898827796e-08,3.02335048292168e-08,4.42773701844406e-08,3.70502953765303e-08,1.47328108865669e-07,9.48584009045511e-08,1.66414194513809e-07,1.6628102124752e-07,1.74875625847267e-07,1.46401071671078e-07,1.28842573056057e-07,1.22387589250344e-07,1.08817215455218e-07,1.06242535913706e-07,1.1022904197769e-07,1.40707968081041e-07,5.28119449541846e-07,5.46031723138664e-07,5.22406459365811e-07,4.65099782467809e-07,4.91853883615879e-07,5.2020917326681e-07,3.65537147050513e-07,3.26794506581985e-07,8.6777271895582e-07,7.79184511451326e-07,6.93429667466427e-07,6.41288799098757e-07,6.74825667789103e-07,9.27221168634996e-07,6.84319146061918e-07,4.40153388086815e-07,2.1814598059271e-06,1.46557440597555e-06,1.56975316770472e-06,1.18625146651245e-06,1.03952463277243e-06,7.96607394605688e-07,5.58324154300286e-07,2.79889847667251e-07
