"","Sst","Pvalb","Vip","Lamp5","Sncg","Sst.Chodl","Sst.Chodl.Sncg.4","Sst.Sncg.3","Sst.Pvalb.1","Lamp5.Sncg.2","Vip.Sncg.1"
"Arnt",-2.32893936466645,-4.32669120073363,2.06075563777186,0.7483144720521,0.82124297190262,-0.945443318048285,-1.07973502910439,-2.9706910625271,-4.55392837063558,1.06394321304245,1.73950328040263
"Mecom",-3.53585024625349,-0.417742304465329,-12.4977169204883,-5.85621900805844,-12.1184750038381,-6.46452572052438,-6.89711861551729,-12.3562508992271,-2.68505628058219,-9.25823284033738,-14.1634880136006
"IRF2",-6.85638672211614,-5.66241184397178,-10.1219137754931,-3.7791303293942,-10.071957085742,-6.290167687213,-6.79274659304512,-13.7384224489132,-8.30782662904168,-7.11004779062804,-11.0450001689398
"MZF1",-4.77036058776895,-6.61251142299638,-3.14498488298513,-3.47350341981085,-5.41924596532408,-2.75695550070119,-3.18451857965747,-9.34406157221519,-7.8235519727171,-5.01318867184947,-4.76576275948653
"PPARG",-6.38865309834521,0.823295334830296,-2.54272983645139,-3.49413361136538,-3.6083791259049,-7.06751438717465,-7.43100843884471,-11.4140456224892,-3.77705755037197,-4.58314650789602,-3.73725666721185
"Pax2",0.267745255183114,-1.99797723556576,1.88234135678421,-1.41239873746972,0.905779565176464,1.98754268146789,1.88306944715659,-0.0132380559767871,-1.12558930237039,-0.886723861690551,1.41962540275886
"PAX6",-2.77809652116572,-3.09612395634941,-4.28328385635028,-4.34397389058215,-6.11727756747781,-3.95162705271765,-4.32801957139646,-8.56262642940411,-3.66669066921933,-5.82610102478312,-5.97075031732186
"PBX1",-5.67041583408714,-2.80988060722695,-5.26595802495971,-3.59450805453177,-6.98481040833648,-6.5910294851559,-6.98841240571272,-12.6080240495258,-5.81231432271192,-5.64716248981522,-6.77304804594183
"RORA",-12.6242524367871,8.81061096432257,-8.44514930364386,-10.0641481646974,-16.3944087756835,-17.8498591345403,-18.3452970540885,-23.4096102272554,-4.51794386066263,-13.3635197964002,-13.5170562046636
"RREB1",-6.26725771216714,-11.5731344952702,-1.31999257165232,1.38931029821958,-0.177682873016275,-1.29821781265964,-1.81074153655623,-8.06626820372859,-11.2887777512652,0.711180659948295,-0.817462637531413
"SOX9",-16.505221910839,-16.9444644650778,6.17950973362305,3.82474907147056,6.48892558362494,-12.9842941087311,-13.6373204849439,-21.8401518857729,-22.0356586417732,4.3004034335986,7.05532817212818
"Sox5",-18.5228920515295,-18.842374056732,-1.82070081352912,3.10394480706499,0.100736488178764,-16.7731353555377,-17.5595558350121,-25.793102004666,-24.3052380614384,1.36287540954058,-0.861071992857034
"REL",-1.22740941326361,-2.9203211458155,-1.98450348460393,-2.13906822584675,-3.07801530091762,-2.4880176636765,-2.67027493226799,-5.00723246469597,-2.5972907249708,-2.95595812376035,-2.8106563786633
"RELA",-0.550958402665039,-2.28750291098619,-3.24604755766477,-2.44966915289107,-3.72482656735592,-1.00947012060414,-1.19842467479853,-3.77670048182356,-1.85556473870818,-3.37862563798857,-4.06453199468294
"TBP",-1.73970226520293,2.22244606330385,-11.3944446708702,-4.71129012663634,-11.4156555301953,-5.09858659000484,-5.34077064683389,-8.13556435952829,0.0499675908378448,-7.52002266663752,-12.7431417672589
"HLTF",-0.280668986990085,-0.0322037200601885,-10.8159420267999,-8.3594173290405,-10.9907386122639,-5.3246688287657,-5.71709840570556,-10.8096231232755,-0.676341254712785,-11.3018867134626,-12.7643338089931
"Znf423",-3.27056422333879,-2.60756374808987,0.636934622886931,1.17388425157882,0.351471491286742,-1.21470250388246,-1.33460661503113,-2.95158477143648,-3.68217179928194,1.0619495101267,0.649454303717195
"ZNF354C",-8.78996735569462,-6.48367712766153,-6.89713667038337,-3.61260067774434,-8.84735346757528,-9.51968099099971,-10.1622160529294,-17.8621233437438,-9.82186901510264,-6.01304386347217,-8.47570798969616
"CTCF",-3.28062096604603,-4.41408589742647,1.10618099672622,-2.51820492960054,-3.00923588793774,-1.5040620904378,-1.78904480495178,-5.91890034978218,-4.80612532292702,-2.8329277156294,-1.00447805402291
"REST",-5.24126848028645,-3.86211967554982,0.852236858704039,-0.391790729198356,-0.7359132974749,-5.57015140856903,-5.82735055013829,-8.55052354640991,-6.20618092948099,-0.711030349291044,0.11752844154638
"RUNX1",-11.6077369889298,-5.547718311849,-1.71902757573789,-4.39267108143388,-4.44900567318739,-12.1028563256339,-12.6487140318549,-18.3703392981197,-12.4605235305522,-5.89002304531108,-3.76766661280335
"Arid3a",-20.0675818786562,-11.5162676358164,-20.4533905147444,-11.5333421972745,-17.1768953486578,-22.310480076097,-23.7434044351144,-36.2189070157359,-20.0996413852943,-16.9928412112068,-21.378589526782
"NFATC2",-8.34167872643253,-5.07194213419378,-13.5686116263371,-7.01484909749707,-14.6816131115795,-10.3413282293472,-10.8996833985158,-17.0543852948691,-8.96411336887033,-11.5719393419774,-16.0086118989877
"NR4A2",-4.73025119042519,7.66191630508489,-3.03673207536327,-8.56713554183644,-7.1919417981318,-6.6212869397699,-6.8695378509001,-9.65022207721418,0.324243776656441,-9.9646839267243,-6.13554950736136
"PLAG1",-0.218703415621298,-8.15998975700425,3.08875052328145,2.86715115560621,3.93490244038688,3.66130206897586,3.51255708329159,0.873412914096795,-4.68788217959716,3.50131445918916,3.98355936883144
"Nr2e3",-5.98412661228799,-3.9907836305987,-5.02399973380604,-1.3042171589925,-5.5500635892623,-8.67902884768091,-9.03695472315323,-12.4577661954538,-6.12694171800193,-3.17956179476175,-5.73519532906367
"Zfx",-4.83552979110301,-7.67344431677651,7.89227211109934,3.63390672902096,7.17464017339893,0.552023792806167,0.376222853975728,-2.05090615870449,-7.77174441467187,5.6736366962578,8.64422540980302
"Crx",-7.08439219503469,-3.47495329003831,-4.80174890382601,-3.00486450251186,-5.76844018677152,-5.8701401410104,-6.24876871721873,-10.8833409486797,-6.63553905847865,-5.21767497827136,-5.83959087485302
"FOS",0.3818817161003,3.61719458906324,-0.432912292346292,-19.7733759555207,-19.3409627382105,-0.15341778798804,-0.924321073300503,-10.8162052267681,2.02486504720414,-21.4727959652818,-9.79268256831693
"FOSL2",0.508718429935316,5.19202799332576,0.527374656926944,-18.6571500163663,-18.7113970764858,1.27329070879093,0.705508212825284,-8.11623720554859,3.00363110419495,-19.2373405105171,-10.6167120542962
"Foxo1",-5.32793465880883,-5.27535268999141,-10.2412099835724,-6.51127809136664,-11.853882392764,-8.34574848816339,-8.96268220670792,-15.8769224664131,-7.0703967544047,-9.93565381770057,-12.6604321914174
"Gfi1b",-4.45669293805874,-1.59567074147185,-8.81564618976864,-6.21858472040709,-11.3456287105165,-7.35330597654093,-7.76320344436123,-12.6155756783113,-4.16640708091573,-9.65063635653782,-10.8861119446947
"JUN",-3.35762170449518,2.50181558780872,-5.08438539945749,-19.2933328133189,-18.4229257982517,-4.93686570752555,-5.86202242124829,-18.28922342439,-0.978453707302577,-21.4498136680923,-13.2712735916613
"JUND",-2.76938187581268,3.44750199823137,-6.10056034240633,-17.7662717037568,-19.5889533861501,-4.83710592178005,-5.63041434386099,-18.4919508329271,-0.182587648910618,-19.8225415025793,-14.5797325955582
"MEF2C",-9.67908928758104,11.5308689647752,-24.2915886613562,-8.66568665190922,-21.3547055042721,-21.3859029600438,-21.6204090703077,-21.8085982007773,-0.336503217347273,-15.3542704840615,-25.3454999714033
"NR2C2",-4.35855468029816,-0.0025539795190492,-1.33622502213375,-7.67967703717841,-4.15741406612795,-5.75177790357565,-6.17231099739575,-10.6581229916124,-2.8801803673069,-8.15510753245197,-3.29066746725254
"Nr5a2",-9.93002543995405,6.91279634626726,-3.60306617198824,-6.85267090856978,-6.61556748766758,-12.0509641294737,-12.3152320978611,-14.4717560083279,-2.83028955903729,-8.6344824470624,-5.89484623794457
"NRF1",8.13525072437194,-5.96909668441805,2.07964016062518,-0.622004568675227,0.646564061583127,12.6766356646143,12.651324713836,10.4368509446687,2.42910112693922,0.339965115403261,1.53895441870764
"POU2F2",-2.76074944842736,-14.7991851134036,-7.70738200848666,-6.27410162593282,-6.10174285966959,-7.83882971395296,-8.66629999023167,-18.4317209008915,-11.473536273761,-8.82431033034254,-8.19143376658896
"Sox6",-21.0426422041144,-17.2895024352192,7.34206372484866,5.23825337732903,7.55191101902059,-17.7754984362619,-18.6998982910854,-29.1668118228521,-24.3255242202148,5.28407194853808,8.14841047408505
"Stat4",-6.26063401018595,-3.7422498141704,-10.9266512050251,-1.92099366965215,-9.49018712927951,-6.66563068556465,-7.05942745343924,-11.7147937972654,-6.51729799213144,-5.59527198839915,-11.1131044853009
"Stat6",-6.38860866077931,-1.90773081729429,-13.3350266509198,-3.93125719952648,-11.8036056934573,-8.45159670905459,-8.92134228975782,-13.9256786182005,-5.25231640468815,-7.86945029658353,-13.7683333080753
"Tcf12",-1.03406775798642,0.340010949525221,7.10834565926811,-24.5424266852458,-12.1069885150955,-3.72352790844746,-4.56260560379766,-15.3759207568565,-1.04850857968055,-24.0801689903625,-3.75263942326552
"TCF7L2",-5.57300208838757,-3.37757574708012,-12.0868803042942,-3.37405637902983,-12.1799896799526,-4.77325621695092,-5.25941397823137,-11.8482526033271,-6.04906919085118,-7.07418910905065,-13.1695996869493
"ZBTB33",7.015818955356,-2.9956960097457,0.0994663258697903,-0.401291881264597,-0.767075147983032,7.22539565901532,7.28394426060077,6.82555970363997,2.436136768481,-0.109680538980333,-0.284060652644431
"ELK4",3.67765698207224,-1.30751357963568,-2.07552183883302,-1.62088428766745,-2.99039835993636,6.65235206857899,6.57728785304905,4.24492771691506,1.36125440447382,-1.92863391608916,-2.72393154449905
"ESR2",-8.2562717364931,1.7085474517298,1.20704881662075,-4.29189163932714,-2.04570668099698,-8.88684333124221,-9.18903220023844,-12.2364705286078,-4.68616811176481,-4.54612526709891,-0.752876727267481
"IRF1",-9.08983122073047,-8.70349810731086,-22.6589510125882,-7.0452617303157,-21.2475015094766,-11.8501079581888,-12.800366460074,-22.6406342590189,-11.0391719117786,-14.2141765926364,-24.0521420007447
"Nfe2l2",-5.28301582854127,0.60286554375187,-3.27508125046869,-8.66757780774717,-11.821949071553,-5.71454923758083,-6.29417576549491,-12.5550610004106,-2.91497983664803,-10.7324570363746,-8.63968388823762
"STAT1",-6.40996997527731,-2.81729430846714,-10.6434583844872,-1.51477660850824,-8.28123623246072,-7.24807204266735,-7.67651821644184,-13.0991523696659,-6.17836278629179,-4.78137637028509,-10.3288315028856
"STAT3",-8.40872624487147,-4.5344291899101,-11.3126374370856,-0.50578484782759,-10.3575473438364,-8.1714986866974,-8.61193969047976,-13.4422366861025,-8.48431505268994,-4.62573147390747,-11.7377076322355
"YY1",-5.88497319095338,-5.82687213951387,-2.14290366998456,-0.785989168314952,-2.89849628111748,-7.12311078681698,-7.58904081103735,-12.7816127541104,-7.06147673538166,-1.87954102567434,-2.67787186970082
"FOXP2",-4.7966579948485,-5.46146024038682,-10.9710270437792,-5.2707164927655,-9.06427295814045,-8.41471779668941,-8.98148315599772,-16.8043820263302,-7.23912735389057,-8.05496466495959,-11.1008675313025
"SREBF1",-4.50384040240256,-0.596559201819658,-3.55803367988217,-4.09400000460674,-6.52317299522953,-4.47078809112153,-4.77556134713956,-8.81596854686333,-3.53153784534595,-5.58667883211656,-5.29630472331419
"SREBF2",-4.91223684215304,-0.812091734751589,-2.44470162636023,-4.64620664015938,-4.64321612162734,-5.67556745855585,-6.01734066106417,-9.74217911335269,-3.56603225676983,-5.68370644369849,-3.98797583076308
"THAP1",-7.48515755252637,-4.38187220864655,3.07304157607474,-2.39600004342325,-0.602209749317826,-9.06568914592818,-9.47242022335668,-12.4944134181143,-7.3333998611753,-2.37108211480231,1.3472915688345
"KLF5",-1.12571450490766,-11.1128637685079,1.73084304287877,3.86492719547186,4.4520352885449,5.72399567589309,5.43457992042243,0.609498598820375,-6.99988667680952,4.29077480192362,3.29012342918852
"Arid3b",-16.5928155507261,-7.4320069838024,-2.4982611025748,-2.38670320313461,-0.401554509565429,-14.4880953759735,-15.2691254659018,-25.0633509667829,-15.2744627841517,-3.66660340294029,-2.10866058728499
"Arid5a",-6.2275584321995,-4.38334109460012,-7.12959746800357,-6.16854478795651,-9.19926853689446,-8.48535698253287,-9.08798626785806,-15.9821522031058,-7.25528735828208,-8.76113589741744,-9.29825356028009
"Arntl",0.189947217905314,-2.29250392617431,-0.421975779044488,1.47171417303857,-0.29505524918231,0.894036216183032,0.869954847097098,0.384804070815923,-1.23422251347594,1.25191012431824,-0.240163260184138
"Atf1",0.669124438113307,-0.536567783327267,-1.85673766028075,-0.594624169737149,-2.15844701082279,-0.153400172233902,-0.198988898142163,-0.793337329643539,0.0259301597439809,-1.12540982722053,-2.21673275902624
"NFAT5",-5.16832784248304,-3.34189492858519,-10.4930026047726,-7.40354675517653,-11.5139379085069,-9.41062871476682,-10.0093344111592,-16.8017045952379,-5.82950748667532,-10.5390210115526,-12.2069662203888
"Creb3l2",-0.721292100244355,-4.32992980000725,1.31630907237733,1.46954820242801,0.858207687400049,0.568168852992973,0.498937447414956,-0.729407046758425,-3.12357700523403,1.62536203090597,1.3983300309616
"FOXG1",-6.46152642455619,-7.50997258169439,-5.49193545654268,-2.45097949868449,-6.38469358971571,-6.70442274586166,-7.24415312867568,-13.7272802607955,-9.20003811706544,-4.44299924247913,-6.88530960258274
"Foxj2",-4.3410789743274,-7.63512637113753,-7.76722540841014,-3.96844379120267,-7.69522212369841,-6.15639752475219,-6.6780312644398,-13.3650248692341,-7.58690473177419,-6.53669636560361,-8.42924335007156
"Gmeb1",0.0788860049012092,-1.59262880968425,-2.14872659850127,0.310789662470732,-2.24096604858582,0.0341308396774867,-0.025939283731124,-0.987343136158069,-1.00889409321088,-0.415247222852438,-2.30939728702846
"LIN54",-5.12912382613642,-7.88901264034972,-7.81986138751147,-7.61624526046224,-8.26490331118821,-7.29056246835215,-8.05090340895792,-18.6987990099894,-8.62529608468096,-10.2852968425876,-9.38894626659127
"Mlxip",-2.67149888314871,-2.98927832341221,2.05659862938805,0.387238735870525,-0.0684249017537866,-2.27081009244538,-2.38664271708305,-3.89263857542322,-3.85037175657344,0.460508804890602,1.32584669742455
"NFATC1",-5.90047282333822,-2.53264309361563,-11.1818621767613,-6.57011606817251,-12.0750218655404,-10.284953992971,-10.8021202785249,-16.0799747864715,-5.53429825706626,-9.78727043511965,-13.2111995865632
"NFATC3",-5.48360898861456,-2.58322520914587,-10.0169758929466,-7.01077083197053,-11.1065728808557,-9.88034241722002,-10.4707430371792,-16.8164229094695,-5.3710520158759,-10.466634330696,-11.7692417038988
"Npas2",-3.72488273532511,-4.17093114411944,4.39775632617257,-1.07038693673626,0.771280231633643,-2.68693987303121,-2.92239656495893,-6.11619169185511,-4.97445911908522,-0.459272001639377,2.90059648438582
"POU6F1",-15.451525234558,-9.03503946791439,-0.341900654416501,-2.95145526084455,1.12759428628177,-15.059932134992,-15.7884037771146,-22.9682804560811,-15.555173352458,-3.85555291938498,-0.196528228319692
"SHOX",-10.6581149503229,-5.93250123966905,-0.652493214481067,-1.08759575318395,0.588278611759609,-9.87716725745674,-10.3296461483472,-14.9289858134842,-11.0402267101183,-1.83632375022549,-0.422995414969383
"Ar",-6.51390606656321,-2.6718511868995,0.665976531689927,-2.75548127796862,-1.61472182626296,-7.00387847985824,-7.34366661004571,-10.7156828094202,-6.42992847656745,-3.26101423456249,-0.576369726368358
"BHLHE41",0.335264259194865,-2.14747274647929,1.31847074207239,0.493148939917721,0.901823892503931,0.818266657795112,0.778117303644278,0.0858110920496735,-1.09187494461351,0.859258529415586,1.28050440386757
"CENPB",2.33079359094941,-3.11827406447348,0.484519092133096,0.245201415161402,0.577425971121777,3.19211538427789,3.15487082883483,2.08507360607627,-0.520276852184469,0.466904332693467,0.599481972500429
"CREB3",-0.846313988435334,-3.05877899702439,-0.84200379988519,1.31911854848695,-0.241477630974585,0.266364236285716,0.194674188653796,-1.00485167443058,-2.36435293862088,1.01674594568805,-0.487365081966959
"DBP",-1.4131170412305,-1.52143069480997,-9.85657523521153,2.09257046533902,-6.98476528028395,-7.183172631672,-7.2476943867258,-6.62422300515166,-2.0012250650209,-0.538486405120994,-9.06897338044046
"ELF4",2.32424731354998,-1.93972458883249,-3.1738913719781,-1.95386189645009,-4.26804891660085,4.39772167138804,4.26530897239203,1.51390638406588,0.19199348506627,-2.71641139125034,-4.0403075080334
"Esrrg",-5.42561187309729,10.4562160738444,-7.74361936818047,-10.1058960630637,-9.56721581554523,-9.84406749541813,-10.0653005552852,-11.6471645307639,2.74866473811092,-11.9634360734334,-9.99212286354927
"ETV6",1.47769780813154,-1.50447018423313,-4.29788436925748,-2.78090087595501,-4.63147435907776,1.97056712485997,1.81693276120704,-0.953618450398012,-0.126196172852449,-3.76800635477791,-4.90785682533281
"FLI1",0.229165170670779,0.211675824328064,-1.99257609312725,-2.14884757594701,-3.52131182350845,0.847539313936104,0.753342854697619,-0.735477617667484,0.215717129834292,-2.92271652034137,-2.90930435801553
"FOXO3",-1.04535279953218,-4.62679731665535,-6.15502831061107,-3.99787897516449,-6.70067555177566,-2.36865043264929,-2.69641882247408,-7.43540592593316,-3.69673119054005,-6.02841779125675,-7.0965633999987
"GRHL1",-1.1798742944449,-3.08402816245914,-4.09071320750989,-5.45937100614418,-7.2155233484591,-1.33179356030556,-1.63603763990329,-6.23817044593749,-2.99005798460902,-7.00661242250128,-6.30264552074335
"HINFP",6.60078587704005,-5.79300509778505,1.70625196228007,0.942976346155093,0.760898646419304,10.1052690315402,10.1254559337581,8.79057596389481,1.39434504340166,1.73101670833165,1.49070179382272
"HNF1A",-9.97548376549216,-4.35602255915381,-3.55962551091696,-1.85307778439986,-2.44999558058519,-9.91918327156739,-10.3089489009238,-14.483567624632,-9.62213309749824,-3.28379065758556,-3.62929923759158
"HNF1B",-10.3323316510052,-2.40379840275502,-2.51731039889139,-1.57169146583692,-1.85307833567727,-12.2683367799157,-12.783004450156,-17.5187573444783,-7.419313956623,-2.61091922508185,-2.51811378646792
"HSF1",-7.0527072480844,-3.70228623391089,-3.93663374192612,-1.48375890057687,-4.04211672059689,-6.75273760473415,-7.18736157892948,-12.1124167579824,-6.82938672248416,-2.92624580937665,-4.44440662216605
"IRF9",-4.65246321286014,-3.86075193316619,-11.6434875588569,-1.63638388147349,-9.5581926844679,-6.31978083748072,-6.7578174010751,-12.8741913739054,-5.73686106837901,-4.65108513847536,-11.6459277108182
"JDP2",-0.865061866914569,1.41319961195392,-1.65941126583181,-17.6438764541444,-18.1043965849692,-1.12903992185104,-1.8355984216707,-11.8657968389814,-0.186297074137179,-19.3343737488863,-10.7550055437445
"KLF13",-0.504039803755534,-6.98939426497594,1.23917192777702,3.01699850244673,2.47238233284907,2.38637047477885,2.27932931860932,0.321672357087937,-4.35967167072239,3.34289979118886,2.08713026122023
"LHX6",-8.39806402615894,-3.09510191768988,0.190364550737639,-0.688432792121105,1.94978562043497,-7.57825841897424,-7.8702207444109,-10.90609916158,-7.86923167757994,-0.990714028712398,0.813898316821931
"MEOX1",-8.37350005782933,-2.88036260128747,-1.28209569226004,-2.06854924545269,0.071782720107428,-9.66807885915449,-10.0189355917546,-13.3070061287131,-7.09206789657513,-2.83334942119653,-1.05263035076999
"MLX",0.869026634083724,-2.31833923046235,-0.567261414159715,0.0500587958091619,-0.659310399044319,1.3494937379724,1.28924755567814,0.191763690438277,-0.914283786243573,-0.112542068363765,-0.643468096650422
"MLXIPL",0.0832319589352477,-2.22536418319626,-0.302949733474511,-0.458731551599868,-0.215218148526342,0.347156529521975,0.277588219246769,-0.857060735527028,-1.31100068068778,-0.568279773533049,-0.335781864089792
"NFIA",-17.6926341283478,-12.5586706164384,0.480316700955274,10.335352064975,4.54064695452453,-18.9592023764075,-19.1752124009261,-19.1703234677088,-20.2570992352059,9.30727450692334,3.18372260353483
"NFIX",-23.2241697647667,-11.3933981238522,7.18652545399325,9.4368405604818,11.2514970328582,-21.2155516128074,-21.6733479037781,-23.5786060195107,-20.927780452924,9.65879492966927,10.1327402069405
"Nr2e1",-3.51808736347824,2.74614455067886,-12.1112614991945,-6.01864287971262,-11.7787589721346,-5.05569820976032,-5.42844160654144,-10.4255578473668,-0.716528241625166,-9.1201690192786,-13.1930577493612
"Nr2f6",-6.85267735447312,3.49466894772395,-5.66570221515517,-7.73225294034502,-8.86408281390603,-9.03044706010884,-9.48703560514103,-13.8581411791861,-2.01310405513571,-10.3314976533659,-8.31669185182393
"PAX7",-10.6233606612423,-4.17091205562829,-0.316993864259363,-0.652036897299287,0.300100332445134,-10.40170115713,-10.8489312555775,-15.2324630660798,-9.16493891245577,-1.2844564971926,-0.184937307495695
"Rxra",-3.6860524509785,2.10977509561994,-3.61697411330246,-4.79597402879749,-6.34819105545478,-4.63198386276945,-4.91909839151851,-8.56941989495223,-1.04399505975913,-5.96653617358721,-5.58177302807859
"SP4",4.50712371194548,-9.63784479188764,2.18296948095283,3.47998978835792,4.45610495923742,12.1873571798759,12.1375499846841,8.58616915683955,-3.66165273128318,4.45534731155459,3.76671361521094
"SPDEF",1.12323615883685,-1.2207617575405,-1.37665793844289,-1.06922121220656,-2.26010707082601,2.09079452369058,2.01851748145987,0.507689839410935,0.00671195444857328,-1.52179392916038,-1.91490462366943
"SRF",-1.79331054159868,2.71773852228838,-6.67005097890423,-4.30788604454296,-9.38365088584879,-5.13860739747352,-5.33693509499997,-7.19677845021238,0.105488572019698,-6.71561762491858,-9.30663335634898
"TFAP4",-1.58637986078439,-0.835652502599721,-1.70194464146885,-21.2870597663327,-13.1579211039215,-5.98945257002686,-6.79987475930892,-18.3986842758503,-2.12676991868381,-22.0453781172304,-9.4454254310581
"TFCP2",-2.31229357494291,-2.96902235814502,-1.66048015792205,-1.1489085308176,-2.63102994577601,-2.56714658459417,-2.75583779410442,-5.18018336853813,-3.29847137652142,-1.88899339329672,-2.34794306455971
"TFEB",-2.91066802163733,-0.826188600295192,-1.56610497724021,-0.603288177594713,-2.35816142670891,-4.07714787021565,-4.16994594080781,-4.7043183009895,-2.33482656085304,-1.44442949168502,-2.06201149195636
"ZBTB7B",2.6443608517619,-3.85016405839548,0.349023054080584,0.128920265384866,1.31754586949249,4.30149426346459,4.24084408755822,2.6592667273583,-0.542994114033672,0.428303441476462,0.843053364093478
"ZBTB7C",2.41295454762641,-4.53725900707374,0.671050463246927,0.112248950531313,0.224321706257023,4.3096609873339,4.22636556166179,2.19171768447702,-1.08209330400759,0.359354273797774,0.538374922906002
"ZBTB18",11.1948115938908,1.30305372325495,-15.9228288671391,-18.1407545115775,-20.0317760551344,7.28219438064894,6.72596168225306,-2.29187806428809,7.61095424793903,-21.8771181091262,-20.3967271222889
"Lhx4",-10.1289224332115,-5.73627391347132,-0.716696175649706,-1.41595696845108,0.504359424414027,-9.49932240683521,-9.9259711901029,-14.9900558464493,-10.4138789927808,-2.20891304290529,-0.474308663498697
"MEOX2",-10.7279740205327,-3.50537155724081,-4.02444064898244,-0.44418026156216,-0.964673250025841,-11.093117939472,-11.4350594548592,-15.0173527047278,-10.0150839182032,-1.99255521914738,-3.09092794621115
"Nkx3-1",-4.70334732230615,-2.08190454460671,-7.08172065598626,-4.36336318497718,-8.05674000445185,-4.85911106333279,-5.21076440425571,-9.78326099956082,-4.98934600121746,-6.85758217689663,-8.70100169875455
"PROP1",-14.2489750382594,-4.15866976166775,-5.12845521058415,-2.27234309270181,-3.48679158510684,-11.8765774025727,-12.5226824005335,-20.4057847535534,-11.6893352548594,-4.29353642084717,-5.24415650887551
"PRRX1",-10.0838268929717,-6.15838696478689,-0.765855248978517,-1.47948862877645,0.303743401030155,-9.15761921659756,-9.6105545495819,-15.075445249108,-11.0125150526753,-2.2236924370216,-0.53155886452319
"VAX1",-8.49414794460423,-1.32855622128317,-1.67860021042716,-2.03117860793357,-0.846500133667529,-8.30617193757278,-8.59120791983218,-11.5577697776731,-6.69532044254622,-2.76602206384693,-1.70151626286901
"VAX2",-14.7599093561317,-3.15760688478111,-2.18859273577797,-0.376710248108457,0.594029449706615,-14.6611234826338,-15.124034437304,-19.1282488626863,-10.7976121923346,-1.52616470663123,-1.21038568487583
"VSX1",-11.9158619555662,-3.75983846642633,-0.826609463155065,2.03776187490197,3.08133194995096,-13.117687198514,-13.359814124857,-14.7575330181223,-10.597753111715,1.38612357468084,1.06667778052003
"ESR1",-3.02466956817703,-1.37084866592662,-0.252548819122357,-2.13414552336507,-2.02768007275992,-3.15592601873113,-3.34664795729224,-5.55160236665139,-2.94133969972262,-2.58401973561571,-1.236173460079
"ESRRB",-7.14061781554488,10.033781020873,-5.88813681497498,-8.90473503996484,-8.41457177415892,-11.8681712034815,-12.149218314254,-13.7780408513933,1.05553717257253,-10.9880644706367,-8.19482539408423
"NR2F1",-6.86727083562055,2.6281779222232,-3.27403203907037,-9.38015200802026,-8.11338277989477,-10.4003447304817,-10.9856523442706,-16.424192848006,-3.35066342094898,-10.6628752069033,-6.95705772702981
"NR3C1",-6.85689735077159,-3.0057426359001,1.3212647675277,-3.73571707869918,-0.8236937679716,-6.82644315983996,-7.21137576254438,-12.438849805135,-6.48859184226165,-3.94005888408242,-0.0550031948821702
"NR3C2",-7.42530366850691,-2.8582299701463,1.93201939909351,-2.82951602716164,-0.100969024857204,-8.60164840096937,-8.94043753126117,-11.9640268778109,-6.53846396936765,-2.89630814603836,0.814083592133078
"RARA",-9.30514141431752,3.04074675737057,-4.30769459069095,-10.9287150853678,-9.10917000866734,-8.33763239815704,-8.9304083757554,-16.9231091279715,-3.51322734171173,-12.1472133807326,-7.74414652690061
"EGR2",6.34193820703129,-8.53903744465426,1.0615484032514,0.357393015637775,1.41119010847646,9.86944370911168,9.75613916122437,6.81247515962093,-0.334902391364443,1.00019533067545,1.33844044359455
"EGR3",7.74971083791223,-9.94237451183369,0.67047662389074,1.72844967434224,2.81884778783016,13.6344419468582,13.458509368593,8.83356693391474,-1.16017903206593,2.47342317491789,1.87731476619839
"GLIS1",1.93117867181364,-4.88028368721749,1.36684613387947,1.5622263585614,1.40319113167386,7.05782555165774,6.95594125415722,4.07840416741986,-1.65866166426017,2.11281947846347,1.62253512044062
"GLIS2",2.2910678661814,-5.36637388367749,1.30832115108335,1.99906083741361,3.11507699636329,7.01864706727738,6.97098308663897,4.64502505997069,-1.61996989611083,2.67488494404147,2.42173786959752
"GLIS3",-0.899190676391616,-5.62722966708154,0.0330630211220495,1.8433846436185,1.19177881568042,1.81439597717029,1.67958784434898,-0.616562658252283,-3.76279395717024,1.81700815801067,0.752195046714507
"HIC2",-7.95017870660451,-5.89753340575328,2.75645319842927,1.45177901283407,2.11560536399887,-8.60024894188184,-8.87514322629056,-11.4921360891911,-8.97679985911426,1.54685689705075,2.7709666383949
"Hic1",-14.3245311817956,-7.97612651809167,4.73289725038719,2.66443698060839,4.40075097643839,-11.2462895220723,-11.6728198970828,-15.5074719060271,-13.7192144942654,3.04060461546433,5.05325626364597
"Klf12",1.54397863434201,-9.74578468657883,-0.121515289383223,4.4798070004542,2.64724818527821,6.44939391246079,6.3313871292737,3.58696208930478,-4.75112581115147,4.63878181240568,1.65349493098012
"SP8",1.93887239620625,-11.4316213028328,1.62081218171071,2.74192336916042,3.82276583255638,10.5944425912302,10.3213197914404,3.93648409548247,-5.91469710932239,3.38218303706438,2.90940890983536
"ZBED1",0.848458342996267,-0.274284108231776,-2.57577575297464,-0.924037020025302,-2.91870705866212,1.44470274969462,1.39969256894073,0.267807285141708,0.321248136529116,-1.50527489794417,-3.02144526631686
"ZNF143",-6.55131089505747,-2.95996109303966,-3.74727516492312,-0.815984861485598,-3.58779350755437,-6.84455514583895,-7.18432553528259,-11.1356355966707,-6.53090652847745,-2.06959916961659,-4.15188442813406
"ZNF410",-5.80739550265457,-2.90263706675401,-4.12259864241108,-3.15970057026766,-4.38042809492344,-9.09844008479438,-9.45501026185064,-13.4807750176069,-5.70244007843014,-4.66091402041677,-4.80165643843372
"CUX1",-2.21493593408646,-2.52410678392579,-3.08703350959497,-0.846768150065133,-1.89913024621643,-4.75135217288186,-4.90743924570844,-6.75223197499586,-3.05541793540769,-1.83673794669729,-2.84880246677427
"CUX2",-3.56099911074089,-2.45278555197561,-3.07328293325824,-1.12464540881089,-2.70449937965248,-5.02601961976583,-5.1853591392809,-7.08169338085233,-3.9244914626588,-2.30677915453115,-3.31504661743393
"ONECUT2",-5.16558702538774,-5.37998543062929,-5.88018246487049,-1.23108058448575,-4.31802200567195,-7.30375830897853,-7.62657656019695,-11.938044146755,-6.86756489160939,-3.29179137617634,-5.62846200576701
"ELK3",2.47726453600306,-1.09064346691895,-1.30710106510219,-1.96122149878108,-2.132274609161,3.84253756968951,3.77411973760713,2.170938488852,1.12248852523706,-2.1547981696846,-1.91577830679216
"ERF",0.172418872271896,-0.777801979492432,-2.85128397805236,-1.97605116610206,-3.79548902615719,0.659264174541655,0.530846643794019,-1.43463684342868,-0.425753004641636,-2.98225186126346,-3.68819305302183
"ERG",0.211883664043172,0.62573057322838,-3.84122095414886,-2.25947308041376,-5.04223032015547,-0.228595874178698,-0.3417969407808,-1.97132727792525,0.443710467299406,-3.40271204297489,-4.91729399376347
"ETS1",1.39356909708565,0.744683898785929,-4.15937572359464,-3.77982152975977,-5.90034966134161,2.04561017229865,1.89490656796117,-0.651046765893737,1.26640695909474,-5.04727073305736,-5.52753022497624
"ETV3",1.74484711068031,-1.51830713098737,-1.69876633351495,-0.450579430509128,-1.81388437788867,3.40206540679787,3.33843399657085,1.87602885033579,0.314659182774927,-0.816102292599118,-1.94837553557804
"LEF1",-6.75828617981301,-3.53997759488075,-10.5912696094957,-6.22950807559106,-11.4723509219446,-6.51908794886156,-7.10625268118128,-14.9459063089533,-6.83890563758673,-9.88729930048209,-12.0763395390202
"HSF2",-7.46098658976355,-4.48665346468225,-4.41454858909729,-0.638407739186833,-4.29660816834931,-6.50144419542376,-6.90071851792772,-11.7498038900696,-7.92471848022244,-2.51742029603431,-4.71284001209076
"HSF4",-5.65519431077698,-4.23004629060074,-4.38448491013135,-0.395609739119578,-4.51183330285042,-3.80177948894919,-4.16114815767162,-9.11940463007561,-6.13359229708169,-2.07266168933135,-4.6967590586357
"IRF7",-2.58740427322838,-2.14312493532022,-16.8072880972617,-6.19980913645567,-15.1192872051237,-5.3245594565834,-5.79568152538586,-11.7770585240555,-3.39062823311541,-10.230217363878,-17.5037000801056
"MEF2D",-8.56022064293765,9.41672403675203,-17.9542013400519,-5.2282978341963,-12.9156568943933,-18.6933044844093,-18.7590908843768,-17.4532256277071,-0.276450179691858,-9.87372363972005,-17.1299065706088
"MEIS1",-10.5412944463993,-4.98238913360762,-9.68079514697001,-5.26215997647858,-12.2869362487615,-11.0093614945843,-11.6311341741121,-18.5969520314086,-10.1335610680773,-9.00874974847963,-12.0943378605075
"MEIS2",-12.7797602992553,-6.75824381105712,-7.42340832795418,-5.25306809608512,-9.43532701407796,-11.5394368005758,-12.151687619292,-19.6750010584543,-12.7320868662269,-8.54378460859181,-9.27334178343029
"MEIS3",-6.81865051304726,-3.33099670038992,-2.9403396064044,-1.75423630364331,-4.71499884675494,-5.71721063129422,-6.08943219798357,-11.4242905053803,-6.88143017661923,-3.07542450725388,-4.24495984126947
"MYBL1",-1.00627058440096,-0.326849919369292,-3.53546292204915,-1.50966452740164,-3.14786925131211,-1.90087172667303,-2.01893952392582,-3.48417937813309,-0.963364858072912,-2.60685901121757,-3.7156853005343
"MYBL2",0.688802296511665,-0.811664912085521,-3.72988514377799,-1.10746277048858,-4.48437642848108,-1.05964021705568,-1.13079055082277,-2.08863055788391,-0.216501998228298,-2.16588458329722,-4.56872157292608
"NFKB1",1.08772741837325,-3.39877834828973,-0.654981565927457,1.3227341113667,0.681274899253425,3.35303726092194,3.28357282250545,1.66356819969952,-1.51200314018971,1.23673405744185,0.00342231700082523
"PKNOX2",-10.4145461128556,-3.06592869720746,0.612484850880606,-6.51174040278212,-3.96680984913061,-6.91239652042457,-7.46087557286198,-15.3242187928419,-9.05649096400377,-7.04537794548642,-2.18283305788976
"POU2F1",-2.00477585761739,-14.1537223591623,-9.31996195447882,-5.36594201612002,-6.85240891767915,-6.25976468227222,-7.02414092155212,-17.8346970005872,-10.3965488431282,-7.61269219572224,-9.31216584114661
"POU3F2",-5.15841665627919,-18.141258441294,-5.17454997224967,-3.75324155323459,-2.70128733080135,-8.10513345358349,-8.84225172114411,-18.805048090439,-15.0708047684374,-5.63902829700486,-4.89926615890055
"POU3F3",-5.00714703653523,-12.94732770177,-7.81991330544192,-5.81142024755124,-6.21926563223683,-8.37610894003156,-9.14294900734941,-18.8165346498391,-11.2113096534308,-8.09916490970428,-8.66845743830271
"POU3F4",-1.25654687505273,-17.4277874709412,-4.97620014534204,-4.43852380093609,-2.30426709377964,-4.95094876507233,-5.63132531298413,-15.1355981033787,-10.6868755704972,-5.96094775389934,-4.60726731279395
"POU6F2",-10.8828135560835,-6.96809204564443,0.376489964691493,-3.11648389654093,0.325610306900638,-10.6165256312011,-11.1513101198466,-17.303224646028,-11.7693627670148,-3.74981093500954,-0.0138420450279866
"PROX1",2.82826348812553,0.293601963526983,-7.81808768327495,-2.07709748610855,-7.10281193646148,2.55227254837691,2.46442119096471,0.414865813665377,1.84862973063792,-4.0266473849516,-7.98473659469916
"RFX2",-1.01950716230141,-17.8435344492498,3.01335269830421,-0.441665478095765,5.47923927535257,5.65474064000773,5.18317033744372,-3.47428195592295,-11.3332859916393,0.524954441295163,4.33771160616553
"SMAD3",-2.33947258920631,-2.81866122130933,-1.05949808042314,-1.73940603771494,-1.87328095758045,-2.61213064947151,-2.82997790918799,-5.62575093502917,-3.16376897468077,-2.19703295342134,-1.62125206396134
"TGIF1",-9.15499809306921,-2.7748172136646,1.12865756790324,-5.35870428307742,-3.73993255455102,-5.93803218222904,-6.49961654142528,-14.9840390188751,-7.50908961042586,-5.69473636308159,-1.76164058188152
"RFX4",-0.993015950595001,-14.8634422815324,2.06690020145118,-0.528417816529011,4.61384961252175,4.42760702619967,3.95122613530144,-3.68294487755009,-8.79962312660046,0.273006398682419,3.1821555640536
"RFX5",-0.650222737738578,-16.4432241269378,2.50981206855069,-2.03478086192727,4.43249629468213,6.65771000412701,6.02641018349432,-4.85836067745488,-10.428972371076,-1.01635160344644,3.23901211537885
"RUNX2",-5.57062766883831,-3.77045228473888,-1.83278356585531,-0.447849749356433,-1.8970900112189,-5.40775558270428,-5.73133448735573,-9.83021791295457,-5.64576982468732,-1.31751810791615,-2.00112961335041
"MGA",-3.43136791491935,-2.19406874257934,-3.18624481973394,-3.82254098054115,-3.66436096319026,-2.02155858754633,-2.32056542557317,-6.41392715984134,-3.69836090504103,-4.7775059556133,-4.12961665884393
"TBX1",-2.55307381420836,-0.848959805046737,-5.86202303960549,-6.52449164057159,-8.95802628901458,-1.28407547244019,-1.72947976446014,-8.2224169943847,-2.30891455419514,-8.33719507635404,-8.32217284497058
"BHLHE40",-0.517312197127392,-3.11583748939772,1.78165121941077,0.720601210736464,1.41642877432652,0.121875984148021,0.0655068442304745,-0.738424282474876,-2.07762529517839,1.09182471548344,1.85113424091805
"CLOCK",-3.58309955571365,-3.10835221697754,2.22803970330888,-3.51180730147545,-1.34185929609437,-3.64083515051772,-3.9214115688645,-7.65146043596909,-4.35559351932227,-3.25110315715359,0.358823107249704
"HEY1",-0.948643032879055,-3.67176688678254,3.5235443644132,0.118031489825639,1.61142102587146,0.337286934759237,0.234456092003526,-1.4086648882654,-2.99531835988103,0.895762369600995,2.93919925808897
"MAX",-2.19467459619588,-2.3992189168421,2.8380016858499,-0.335022615027676,1.31455947008607,-1.55478105386349,-1.68140358025003,-3.63224527206812,-3.13726494075893,0.155380628343124,2.24186381963227
"MNT",-2.4485126552529,-2.78766580728421,2.75670094817969,-0.600855005440185,1.22216321605828,-1.75077286762805,-1.868423618544,-3.25811138202321,-3.19641560036013,-0.0441932869919314,2.18964183010001
"ATF7",2.22753514905975,-0.405447463036435,-3.12806695511417,-4.47517307212158,-4.7577933451699,0.247345434381988,0.0941667675278825,-2.4612776808931,0.927312313332664,-5.07990941580007,-4.57869348784814
"CEBPB",-2.3901195123429,-1.40440153657663,-4.54782963082446,-1.30560486171549,-3.97197838229288,-3.56431270418293,-3.73147890184101,-5.65173101245071,-2.3940972395732,-2.79637494763129,-4.75457768193607
"CEBPG",-3.90475380815229,-4.16787861750501,-11.3452827612916,-5.77510989552776,-10.7923565567668,-6.9196172910257,-7.41005189163852,-13.4093060660867,-5.49430135279202,-9.43534471210122,-12.7076360931407
"CREB3L1",-1.71959550772994,-2.27304689430504,0.292941117150841,-2.15762775648335,-1.172214892613,-1.31536594596156,-1.48806687843447,-3.8684281613988,-2.59235515418208,-2.24076003212852,-0.510718131630388
"Creb5",2.09351906939854,-0.325870325782611,-4.51769987376298,-5.34108555538001,-7.55746649601384,0.0189421640606367,-0.177584389334425,-3.060944812105,0.880607358840811,-6.71766799877065,-6.43129394293992
"Mafb",-3.19246517638498,2.64044213184035,-12.0207325646001,-4.76368283248307,-14.1745411563139,-7.26731181810516,-7.49979097208181,-9.27690366825799,-0.75557793596819,-8.45247074287196,-14.22043392702
"TEF",-2.15061010730637,-2.25435731624231,-8.46453145038506,1.23611798777534,-7.08652242133881,-6.52460291613575,-6.6679271806358,-7.63260822459411,-2.98854459177653,-1.32413108734888,-8.35900292561622
"XBP1",-2.29437066207037,-1.40133668350623,-0.814997893906538,0.296546962145688,-1.18947335964729,-0.899256367745257,-1.00948056213009,-2.44315449887101,-2.41524566012675,-0.115040404962713,-1.05199110124725
"FOXB1",-4.67560374701898,-2.23307584358028,-15.7612403207478,-5.17098820558013,-12.1014308916825,-9.64413001595758,-10.2349267233088,-16.7395488138008,-4.85091304403752,-8.67244494226426,-15.5256283579922
"FOXO4",-1.97119785568864,-4.95084417043044,-8.37913596668202,-4.16421681073605,-7.88673966263187,-3.85555285356298,-4.26163329913069,-9.64665843601836,-4.54496187860611,-6.43654478341836,-9.14747697070883
"FOXO6",-1.9159703664747,-5.01838994431072,-7.79375123496685,-4.68270527456644,-8.37228575251359,-4.15594067207946,-4.6235816736526,-10.4438693337031,-4.35814036483387,-7.0173902075531,-8.9220170750416
"Foxj3",-9.64730195396152,-8.32636460922866,-10.7116001336944,-4.25914198856119,-8.93231251775448,-9.19436165124496,-9.82981394494471,-18.6402988370036,-11.9144640218852,-7.58961376382595,-11.2359751662598
"Alx4",-10.6164671279537,-4.23026550045375,-0.539579954042358,-1.33584519856709,0.615075841863036,-8.82686082555306,-9.19690139506228,-13.9763577386177,-9.25697593564718,-1.97793530364948,-0.259931837702094
"RXRB",-3.12562742100966,0.642003041814558,-3.45400671249295,-5.44669423134081,-6.45268963970635,-3.78850029564323,-4.08848400384725,-8.077698115165,-1.76740323043917,-6.56508255022688,-5.70022778196213
"RXRG",-4.57825069429572,1.4377781186533,-3.13619180244335,-5.85127815113903,-7.48980916817083,-4.94637909693804,-5.28810422908513,-9.6046402127444,-2.34720834374871,-7.00864872055479,-5.93436803766558
"Rarb",-7.84530452356612,2.38442537496282,-4.47070355881427,-8.67186935620594,-7.53062379556443,-8.76992702875935,-9.22328589887234,-14.6270847187557,-3.90256615262913,-10.3916573317113,-6.95364519734428
"Rarg",-7.43971215765077,3.59135699776001,-5.35367357007452,-9.33362072815155,-8.68317914069017,-8.39370143869997,-8.89133773851948,-14.2108104698306,-2.92190716924549,-11.2705734652741,-8.40353327794298
"TP63",-3.49599449075762,-4.16520520073747,-2.07607508815181,-1.44833381498071,-2.15428094877032,-3.5136631183208,-3.80693519800859,-8.14822013895685,-4.99016359197333,-2.25165866746782,-2.43619721562588
"TP53",-6.97703439153457,-4.60849910849579,0.32575450824595,-1.09650884131551,-0.85149788182129,-5.90404281679377,-6.22643238822507,-10.297176186353,-6.97895215471032,-1.50529094955921,-0.320088039701813
"GMEB2",0.207977353448186,-0.794699072451335,-3.12462116786867,0.422929622345914,-2.00037267691193,-0.910490505682053,-0.932589953421556,-1.13731603106568,-0.366999207930689,-0.351988384371536,-2.76502424262041
"MTF1",-1.9450783103944,-1.83936644775496,-0.637761642869326,-1.01693192688374,-1.53901203961772,-1.51855155635925,-1.67462916440131,-3.54384080347423,-2.33193250844184,-1.41322302457146,-1.19448593403026
"Sox11",-9.93760889777026,-7.08467643531101,-8.43200799865491,-1.62295163430711,-6.63099639509855,-13.0699875223639,-13.5941797562633,-18.4006683046617,-10.9029933148088,-4.75276727001518,-8.62628761548587
"Sox1",-10.7847467578598,-7.24215381367454,-1.2421525404981,-0.877152884405818,-1.61022485960815,-11.5122207121201,-11.9833074547125,-16.4215677319836,-11.3666137561861,-2.12045611555341,-1.64348762037511
"ELK1",3.59899339193665,-1.44984434801504,-0.00707856076773666,-2.14919529389989,-1.1334359764095,5.37006801550247,5.33122158622256,3.94872275970427,1.5465786879694,-1.9103011197616,-0.686063888062293
"Arx",-14.2970592050611,-6.46350443701983,0.291305971108135,-0.242874592436447,2.36636557331355,-11.523011397154,-12.0566404518148,-18.0599625633928,-12.9208045037335,-0.79115276179629,1.13200417933854
"Dlx1",-10.1024885169023,-4.42973097913408,-2.75157496110028,1.82258265263631,1.4453461051483,-11.205972574619,-11.4339957372315,-12.7727079840849,-9.52816445712673,0.466953475658488,-1.05094625031105
"DLX6",-6.65742527809715,1.00641939429817,-0.621504424758621,-2.43385801900583,-1.69660000525654,-8.02307843186281,-8.20970528948493,-9.7122134312345,-3.81219093947029,-3.05114091414548,-1.39081799427488
"Dlx2",-9.94071924988605,-5.32486203427499,0.190089505419702,0.296281245986875,1.08943281065393,-10.681824851775,-11.0592935655694,-15.1178402347566,-9.59135080247812,-0.314528483631863,0.532903067491836
"HESX1",-11.4477432817001,-6.15607319500886,2.00150595693605,1.89017981420583,2.74936359326474,-10.1016933920276,-10.4699175220345,-14.6739045344098,-11.2661559981337,1.60179448095083,2.55317276494834
"HMBOX1",-2.43973695711246,-0.375385603837038,-7.00810409917212,-4.19394862088478,-9.43171928353332,-4.66645028851478,-4.94900960989741,-9.37601545822756,-2.25980892509567,-6.26593097789387,-9.17689605662881
"FOXK1",-3.03104230240113,-4.58256679863602,-8.21712735752575,-4.09998206860605,-7.47817417308043,-5.08234587697592,-5.434644544774,-10.3796341238578,-5.18962497694863,-6.38975730034386,-8.86168095022471
"HIF1A",1.9656518854191,-3.21861555745446,0.784067582726567,0.249175541101911,0.707028869127541,3.98311202980701,3.92539513887228,2.50006979621897,-0.598969436005305,0.585448735057658,0.832782740771901
"MYC",-2.79566512891566,-3.89709542298148,3.71531196530694,1.59945992391934,3.59188528853556,-0.74697536342696,-0.852717951705038,-2.28130702579131,-4.52341096121425,2.39004118935232,4.15471534043667
"MYB",-5.2815775087495,-1.69051355468092,-5.30386984145535,-3.5166695253324,-6.51050691684214,-6.27553171417435,-6.58271431956327,-10.2051668924707,-4.68025979571398,-5.37509971017862,-6.61335602434451
"MYCN",-3.43658515300454,-4.21483384827385,4.38191093417613,1.69948460202949,4.04725128747456,-0.861254900642439,-0.965344185760153,-2.42921117360097,-5.01307341564258,2.77398979249253,4.73457624030099
"NFIC",-30.9646752567415,-16.0354075706992,7.35810013913263,12.5323012067848,13.6583675598334,-29.9012959181726,-30.1890817509918,-29.9293809207736,-29.557826513918,12.7880569190644,11.9648294297575
"NFYA",0.913436927001261,-3.01820089057182,-4.1816839281936,-2.22769083074866,-5.13036703042966,-0.465279407776843,-0.662315974680831,-3.34418789593805,-1.46150918423456,-3.46254124266375,-5.07399062315413
"NR1H4",-11.2308959724533,0.703948366572378,0.909643297495831,-6.26681503661097,-3.07797048176249,-11.2634379333384,-11.8572686645967,-18.3434009066678,-6.49013015224287,-6.86462797891956,-1.51657387613675
"NR2F2",-6.60518980195218,7.78709565713905,-4.48023259867406,-8.75058064393334,-7.66334069917233,-9.75823131466495,-10.0006555755003,-12.175322377248,0.0212029820768683,-10.0902025025499,-6.9320320641955
"PAX5",0.814766549433133,-3.24873277402543,3.14842923030893,-1.46897296615471,1.47776854270268,2.97570561991143,2.82866883571944,0.0555148732248453,-1.68139364508146,-0.700187012817399,2.39811713109433
"PBX3",-10.3609510406769,-4.48505739208633,-2.69012115833878,1.54847718794922,-2.85102446158731,-7.67531789006843,-7.9973557671992,-11.3247448914614,-9.11490156986821,0.165107795471462,-2.84144591303597
"POU5F1",-4.50857261455304,-14.9476667176256,-6.71324704440586,-4.41174083932101,-5.34895850276182,-7.5964111270309,-8.33907479982232,-17.3844662941345,-12.2593845426247,-6.62848883115565,-7.3343939765774
"RBPJ",-8.24865445285111,-5.16070453407237,-3.70469742815435,0.434239579365999,-4.67019565263437,-6.23614269630449,-6.60797247943596,-10.8369534767232,-9.66359510293227,-1.26300715549137,-4.58208494224525
"RELB",-2.02200175192032,-4.40038180059264,-1.83428825165977,-1.92804120304537,-1.9311583710224,-1.95390407429406,-2.23405992596395,-6.09860955588207,-4.23059280241892,-2.54223820256122,-2.24653530426769
"SOX10",-18.1769768501451,-16.057050119685,-0.414966153238397,5.85430534593926,1.68132513712979,-17.5649651544374,-18.2189845552854,-23.6064266986276,-21.1354264697703,4.38210068211954,1.02703623756848
"SOX13",-14.4529350202462,-16.2841712924494,7.32002464169072,4.29176796829392,7.52526039122385,-13.3155802777002,-13.9640972863044,-21.9600941624687,-20.4686105119964,5.05248991303071,8.34022684555465
"TFDP1",7.22219158008859,-6.49940347948268,0.73822695082239,1.25730486361782,1.13789678583097,13.4768879403946,13.4115583533278,10.6859196987648,1.39582000508918,1.88103114268399,1.14086582530403
"ZBTB7A",3.12249828667389,-3.56821790963661,-0.873612872152554,0.15741602259583,-0.916111241767267,6.33354838215008,6.29508196755864,4.42811493106869,-0.284590655561966,0.0971501952830513,-0.907420349677811
"ZEB1",1.0981015706667,-3.22886771410571,6.3170827931308,-9.85951714291365,-3.45818547019658,7.01713072663387,6.56997967213236,-1.6199475699123,-1.30803118136859,-8.3956831456234,1.10065002631478
"ZNF24",-10.859042598104,-8.88613143699138,-4.81790030617618,-0.979313378226318,-8.8295972985766,-8.93675133702093,-9.55148491786683,-15.1739250693523,-12.4125905350014,-3.714001449157,-7.15736736008036
"ZNF384",-6.93662370109403,-7.92307615494615,-19.3384154438097,-8.98045427931673,-16.2274916604673,-11.9881189735156,-13.1194526530425,-22.9519938589252,-9.43913373054414,-13.6301685863352,-20.3163254904137
"ZNF282",-2.54937387323815,-2.39802145199478,-6.46009188068012,-1.99284329282794,-6.56384759690278,-3.92507238585718,-4.16787563204788,-7.37495370599997,-3.23289421116948,-3.78144122496362,-7.09289647584123
"RORB",-14.3453566448315,6.17589320455622,-5.16371784361759,-4.86668693785414,-10.016040005498,-17.3086437032386,-17.7333489465057,-20.5861296219581,-5.17038012380113,-7.22408441394422,-8.51878076001805
"SOX15",-20.6756739772786,-17.4674036725405,0.49430062826105,6.83333687002396,3.51964101730059,-18.0445327430455,-18.7474959070501,-24.7689001073928,-24.8839967075786,5.65143089660831,2.32284583155695
"TFE3",-3.43179300637866,-0.52798649103556,-1.29170326730814,-1.54413677294436,-1.75337125141103,-4.15814379664156,-4.31069276522163,-5.75885755355774,-2.79409175242747,-2.1120910016965,-1.77456297849718
"VDR",-2.76107185315389,0.592654313021869,-6.51222799630572,-6.3384959069091,-8.0865488423106,-5.6399446807421,-6.02397261026496,-10.6412742198531,-1.80723746014757,-8.22244073532714,-8.34219684184776
"Smad4",-4.48766009541617,-3.2600308199069,-2.57688386421207,-4.164556610591,-3.25769161359075,-6.16298691300575,-6.56434383037057,-11.5486228904842,-5.12710986379322,-5.18303741016874,-3.33415197013912
"IRF3",-5.19722914092083,-5.00776734798191,-13.9604816489838,-2.03961325313165,-12.0042161722137,-6.61744087184678,-7.08723888901193,-12.3960212005465,-7.25409192034695,-5.92631269206834,-14.8347554544658
"TCF7L1",-4.04465152136814,-2.4048639268963,-8.60702358054992,-6.90818385132648,-10.6952398862759,-5.19412277065635,-5.63536521287562,-11.652119298198,-4.38123943218561,-9.7592836659,-10.6029542789476
"ARGFX",-9.63465698122572,-5.79791365068766,-1.6604148069008,-1.75424595531414,0.396620043178246,-10.9154831563096,-11.4031040916792,-16.0007313948489,-9.89500839088734,-2.61533616104068,-1.25485145969347
"ARNT2",0.982047830984171,-2.30306081001513,0.525718639360673,0.973182207255554,-0.24785749130059,2.15518312057094,2.13668357930611,1.40302637117658,-0.750811907571885,1.0326456855599,0.343957896936053
"ATF6",-1.97077687070834,-2.86607045444454,-0.647262942546026,0.223199713574422,-0.619518250535387,-1.05035446826936,-1.19313239001446,-3.02679222387032,-3.19545757125881,-0.13204205781766,-0.687790534467262
"BACH2",-0.745686552635903,2.22042554724518,-2.94435452319923,-17.2987793990543,-16.3464261205109,-0.387926253067791,-1.02904793442329,-10.3809141322474,0.399974417808612,-18.8124046809642,-10.6720842682452
"DLX5",-7.55375466556694,-3.32147987926049,-0.254669493380752,-2.57557854781697,-0.745754396864125,-9.08740222964248,-9.48056410865674,-13.6602161437518,-7.33418242453809,-3.21658106972106,-0.797471899830023
"ELF2",1.29556525575355,-2.98404087878996,-1.16594663940728,-0.603763503086333,-1.99852896297825,5.01179716803682,4.85441303831517,1.30659925951423,-1.17673729515827,-0.912572761078893,-1.65766422226497
"ETS2",2.3486559651107,-1.68777669115366,-1.6426775174491,-1.81240681668493,-1.70110502569831,2.39108818345092,2.32548840637779,0.828507552339909,0.446732249043529,-2.06588974448721,-1.91281140356408
"FOXN3",-6.09512735978151,-4.22779640367184,-8.87554830212222,-4.20332396179594,-8.71556311062721,-8.5047646652484,-9.04543599323129,-15.6124415894411,-6.70467386510112,-6.59588972078591,-9.84862932540771
"GLI3",-0.285980045087922,-5.43682438338197,0.306411088555125,0.155758874191951,0.471418268236972,2.19473907645022,2.0212197053338,-1.36168013174232,-4.11324367725165,0.184052823704242,0.41144788400751
"HES6",-0.518174321630248,-4.46725846020731,1.00351523271768,-1.14126819466082,-1.91207941514726,0.768069542029984,0.568042200871163,-2.60363036622683,-3.0839972713969,-1.24365530662958,-0.280200898466826
"HNF4A",-7.85719106578616,0.121971463878403,-6.32512841039843,-7.65335295469582,-9.12716348259953,-10.5765980977128,-11.0175797011395,-15.6005127385962,-5.63951991555187,-10.3950577358929,-8.78678407725233
"KLF11",2.7993883067992,-11.9103492853373,1.72536761460041,3.4484340198004,4.02318053356832,9.70894776223315,9.54820711226241,5.40036570270015,-4.78763720642978,4.07802857840857,3.13218671430072
"KLF15",11.1164754261072,-9.55863008201755,2.32262379011215,2.65867060296548,4.63339111992998,17.142071061747,17.1358688919886,13.6387054768811,0.773033799977554,4.07246805455554,3.91823419891264
"KLF3",4.86304841319298,-9.28410407244735,1.92011284088187,2.70986271565494,3.35951643689041,10.386533237942,10.3331536235848,7.69820518291994,-2.10539134986276,3.45577352491964,2.96661696030666
"KLF6",4.13452780571879,-10.5470953558311,1.1525190504761,4.19507015065446,3.98328542598824,10.7713921872232,10.6878518730152,7.11107397163764,-4.0548850982829,4.8516608699088,3.08411141823281
"MAF",0.177838432969074,5.59888703646743,-11.2971148990157,-5.53911381235199,-12.7555450991085,-4.47886322091625,-4.61628874400918,-6.18074757793866,3.10384170139948,-8.11836449940505,-12.9885905443926
"MAZ",0.347838692859643,-9.2810636016604,1.75664687854509,2.5051883638042,4.1334776572131,5.34844965599467,5.11659968799466,0.98608237288037,-5.77104284605227,3.07166543081393,3.16863977508743
"MSANTD3",-3.42052010092709,-1.54839245023427,-3.81342392727363,-0.920046025574959,-4.46555008817788,-2.90826069029664,-3.14620962487803,-5.78400132814939,-3.04464206186094,-2.17291700373404,-4.39392991625012
"NKX6-3",-13.3522614850146,-7.45113878239769,-1.85753673065994,-0.99908982269731,-1.33221038584887,-11.4841224578934,-12.0039802162179,-18.0894709990571,-13.776931217616,-2.37073305596441,-1.98990639784887
"NR1D1",-5.19992825519474,-2.4954606570988,0.961189392727899,-2.10836912599529,-1.23284041916204,-5.42526631595822,-5.64445115116541,-7.76855654516278,-5.01379899556007,-2.34548350204207,-0.142693810842196
"NR1D2",-5.48634247035614,-1.36371192243745,-0.898218978914745,-3.77135819054735,-4.06918016006251,-5.67227696597782,-5.95887710420628,-9.37853222818808,-4.34282285490282,-4.43749552919789,-2.87614387402679
"NR1I2",-3.01804510856159,0.34110281604881,-0.268135004673156,-4.58337338131899,-2.58823652343129,-3.00808030681482,-3.21090278663585,-6.15143894462957,-2.21498367642589,-5.01157000979276,-1.90421791481007
"NR1I3",-4.53820620016884,-0.0289629232466481,-5.26590713203235,-6.68699504563461,-6.60498588791329,-4.86511874113034,-5.308391872744,-11.1268994756134,-3.14043368485125,-8.25500296345633,-6.9432127356923
"NR2C1",-5.29435272266661,4.29497983707084,-0.780445566813756,-9.17262182444338,-5.9673101438758,-9.70500015667386,-10.113368626906,-13.4126695842328,-0.790705591655318,-9.66231942314687,-3.89521852296491
"NR2F6",-3.47669365059938,0.0645900699474166,0.631705894015911,-4.94619359864921,-1.48382807469665,-2.86021415759298,-3.11339049733919,-6.6001019311678,-2.26208019262395,-4.72161902583953,-0.73558133901488
"NR6A1",-4.40897740052201,2.85713704540349,-6.79531673360596,-6.86115385472163,-9.30477808385637,-5.22867491310982,-5.56628255796534,-9.52806957531931,-1.2730656207533,-8.81663933948202,-9.16620750991138
"OVOL2",-1.28588836035565,-2.19424273144382,-0.562981779390987,0.309110293447157,-1.21908952851812,-0.261121363248496,-0.360271353812106,-1.80414319619024,-2.21105942311721,-0.113475926791683,-0.878658132781846
"PLAGL2",-0.664881958909165,-6.98067386814675,4.3401535825562,2.89407284039667,4.90578410361161,3.27455243501715,3.21026585785876,1.67044585334847,-4.64880305397272,3.97142114754063,5.39873850126696
"PPARD",-2.68365217184415,1.1336736403424,-4.87629812929294,-4.93113974211006,-6.53528080231442,-4.21758018991678,-4.4647512470584,-7.27336803659825,-1.01495630986015,-6.54905175227246,-6.48328438718778
"RARB",-4.13371032396592,0.461099762399062,0.353539453806017,-4.44669870037187,-2.04977263278945,-3.66567770754269,-3.87957493690101,-6.31317974630478,-2.32901084671326,-4.86388760162092,-1.02814049057393
"RARG",-3.68672824749373,0.878554910744711,-0.634423196963124,-4.46139672628238,-2.63506183519848,-3.93826644570084,-4.13795034497018,-6.60247511219147,-2.03734069722164,-4.8641377634441,-2.03744312435108
"RFX7",-2.22472791868546,-4.5480591343646,-0.392807411007272,-2.14468556412425,-2.19141981260688,-0.982522931135647,-1.26200368016351,-5.2084507067806,-4.22629690866424,-2.60687768141659,-1.40990586382928
"SMAD5",-2.35178525036852,-3.43417568372207,0.30731679625212,-1.28876632605855,-0.667661465537915,-1.69438381036971,-1.87029398254445,-4.17999123734038,-3.7680099384657,-1.49290367903723,-0.214492182590382
"SNAI3",0.347855423233748,-3.83639098208035,4.30557587642587,-11.8997515261041,-6.30232984047434,6.56260786491402,6.04048255640562,-3.55749851095209,-2.35119025653707,-11.238924686152,-1.35243684418127
"SOX12",-8.27842956132599,-6.78923572868542,2.12687488064715,2.54634941645851,2.19364475361271,-6.55954619072862,-6.88526207430829,-10.332132643612,-9.51801390311765,2.5035717416609,2.45849561925155
"SP9",5.95133467894423,-10.9807550980922,1.65147035730903,2.41347010185508,4.15848709283814,13.9788049011108,13.830374383971,9.26375440810701,-2.6357608181987,3.34554339500561,3.14922759981015
"TFAP2E",2.01556157119012,-4.86068756747211,2.85410970336018,0.0561508621120514,2.86986932679762,4.91121321689674,4.82797550354648,2.65069369954095,-1.67392923080952,0.939653732211245,3.09639583910926
"THAP11",-3.34027314813434,-3.36460264723084,-4.47606322045627,-1.45416360849205,-5.17084116739437,-3.25018452368409,-3.50764692209604,-7.02270332695896,-4.46137958113885,-2.89134884046693,-5.41625104254551
"THRB",-5.88765711310899,0.575730556146789,-2.96770447407021,-6.82930245561718,-6.93709628164185,-8.02896849704492,-8.42784466309783,-12.6618386701565,-3.64536386046757,-7.9531321680491,-5.64122375806669
"VEZF1",1.22877436224797,-7.64567952565213,2.45340039039234,2.15770094268897,4.40770991202513,4.69665608949154,4.60586279482264,2.37699848049947,-3.91737230851899,2.9095833316165,3.69553592263395
"ZBTB26",-6.76657943052756,-1.93300541702004,-9.74048679434581,-1.99828439021085,-8.75279920986139,-8.37484658712287,-8.73429839075689,-12.7558510614801,-5.96234672090922,-5.05217533266339,-10.2350227054944
"ZBTB32",1.52167204337795,3.44813370908866,-12.1834665269032,-9.58824525597989,-13.8338558580201,-3.32569766923911,-3.6274734998225,-7.61483796764048,2.68672516379014,-12.9090245661167,-14.3257395512855
"ZBTB6",-5.09414372606315,-3.21191750219394,0.182261513382754,-1.42805241361611,-0.222986122439403,-4.33620078952634,-4.58788886556994,-7.47376058495682,-5.24735462561894,-1.7079264948728,-0.174407658364826
"ZKSCAN1",-3.8805370189387,-2.72351117130937,-5.73159511176824,-1.13632549747142,-5.48772234958653,-4.62897177796862,-4.91369397609883,-8.28657588055928,-4.25625790803139,-3.09468785934547,-6.33018966396936
"ZNF135",-0.394146686868374,-0.722715865889293,-5.69391959979123,-0.577809968156825,-5.06641004699318,0.633436764352225,0.52264256680877,-1.17247032499119,-0.728011074184036,-2.18983685321505,-5.77764965738923
"ZNF136",-5.47981989211003,-0.644282833296249,-8.97773375927077,-2.97024270750579,-8.02659476096829,-7.97491112365456,-8.30099422445423,-11.8624896673006,-4.25104598904692,-5.42349845678263,-9.34467326445211
"ZNF140",-6.14560091649769,-4.51965657817803,-5.52950826982308,-0.946122315557895,-5.59097531450833,-6.32663901570515,-6.72786803292661,-11.3754823887272,-6.72441092205171,-2.93728899373878,-6.01908415576106
"ZNF274",-4.41170571803676,-1.3878315301001,-5.25489001314115,-3.41792013329926,-5.41137428874387,-5.57797601991297,-5.90354764502078,-9.54305117825675,-3.93483375181444,-5.27798638671017,-5.98193743198273
"ZNF317",-9.83033430376547,-1.51034946613609,-5.84982378309848,-6.83708151283176,-10.5823128798977,-11.6184681012165,-12.1622083738538,-18.0662294067144,-7.78525134267053,-9.28301240925355,-9.2278828072065
"ZNF382",-4.55825058231836,-2.99830529995076,-4.03987372636351,-4.83928606347428,-5.79038567237089,-5.18443279492214,-5.61883930908728,-11.4208353382983,-4.92536411989306,-6.28634551708377,-5.49270208839719
"ZNF460",0.347339446029753,-6.85288831473478,-2.94778889308,2.93569427545968,-0.566873370001264,3.7820546792044,3.6165169719264,0.773328554152337,-3.58131933401904,2.06336572783301,-1.75966147453689
"ZNF528",-5.5132410836789,-2.44951802081425,-4.55841452249923,-3.72439307909291,-6.23468681302125,-5.82981795871333,-6.27884512987058,-12.4311144901158,-5.25592694409037,-5.33430460203718,-5.96768057092898
"ZNF682",-4.29255776822254,-10.3768587528356,4.74689319812559,4.0304994543623,6.02671221640666,-0.819949488700015,-1.01355217600433,-3.8297135903822,-8.47697085541567,4.92965926533498,6.07109057800123
"ZNF684",-7.55828372569145,-3.46550853234421,-2.75011841104361,-0.168554984271602,-3.32622737508615,-6.02309872463987,-6.32464555950548,-9.92151695474681,-7.11342529224691,-1.61587437986358,-3.38404254511331
"ZNF75D",-4.75977815901561,-4.096812684654,-7.50130405761354,-2.7413871664441,-7.23653864629679,-3.60655650379762,-4.03879045708618,-9.62981711286175,-5.79164578641047,-4.90294076621723,-7.97724253918827
"ZSCAN29",0.479152926547317,-1.50570113477619,-2.17023472710159,-3.01849721016958,-3.14191633301464,-1.67397800833166,-1.82739319463321,-4.00562719475296,-0.728704256865205,-3.57334944095784,-3.15658205358842
"Dmrt1",-4.76515013698528,-2.66608728835878,-9.60368595838635,-3.81364236183527,-8.6004830423786,-6.34948627711137,-6.75917704614781,-11.2716684332825,-5.09881396888431,-6.79697169384822,-10.3445947885176
"Ebf2",-3.66172509320207,-4.09314637357922,-0.539103499102848,-0.691896848672294,-0.397850872053085,-3.79189843360548,-3.99062919661313,-6.0519879805704,-4.67814716908399,-1.14637563359193,-0.602716619287532
"Plagl1",-8.5066523905905,-8.18412255412136,9.19474219250859,1.73438946992461,6.85278307324342,-4.44021207248566,-4.71527452882721,-8.03235503680422,-10.5465347633247,3.36586940050782,8.78815777922247
"Prdm15",-4.26697294887917,-4.89138164538277,-6.27813670454205,-3.47153762497439,-7.86215404581701,-4.72224275392016,-5.19951809690027,-11.6219443047057,-6.15599574825374,-5.54108266272167,-7.94907891942542
"Stat2",-11.4386899054702,-6.68693868029101,-21.5571225404231,-6.27344358022542,-18.0019134128216,-13.7808413821545,-14.7045887084961,-26.3496097503862,-11.6290646389023,-11.9692762456943,-21.7283483150032
"Stat5a",-8.29302439424581,-0.79209598898766,-12.0623601180139,1.03410475747168,-9.12574809461801,-9.51718908264155,-9.77651241587112,-11.9060406799439,-5.74875948060933,-2.9165701069505,-11.4423194821118
"Stat5b",-6.38224131813609,-2.7860352494096,-11.3341274552753,-3.36671725529177,-10.5150941711339,-7.72952964263603,-8.23529531532983,-13.613500148256,-6.06306366809818,-7.36823718188249,-12.3253878532213
"Znf281",-0.07408595852986,-7.7984763195243,-0.595047159950589,1.07601023757427,1.52515276403699,4.96247669348407,4.74081325007895,0.341049614889718,-5.10662284500496,1.10447576197129,0.511855286140242
"ASCL1",0.883449681692726,-2.47427943923416,13.8023969894187,-40.1705415976834,-14.9242975329807,5.26235952953282,3.97167960920677,-15.1038658896781,-1.70740683797067,-36.1646829028229,-1.2765571620045
"ATF3",1.52226374156559,0.390637083831352,-3.89106392851423,-6.14819686029314,-7.87500439408785,-0.14293439434241,-0.358118669481237,-3.80253861239736,1.07302835349352,-7.53742884081038,-6.52156380368239
"BCL6",-1.72380971814086,0.649154073090908,-11.2545146549995,-2.09073421903374,-9.33250025444968,-3.98365927367045,-4.17125776499058,-6.46487250489158,-1.03165343500568,-5.43432564730125,-11.0508141289898
"E2F3",-3.20129964034889,-1.65850096205064,0.372643812651276,1.10607363767478,-1.12133534198931,-3.47977643421566,-3.58552069930605,-4.42103109817172,-3.0196206420195,0.688680901800814,-0.202070337688182
"E2F4",1.0035816383175,-1.64079495210365,0.280210991805567,0.389210767904263,-0.316197222063983,2.07884571856195,2.06261611103633,1.4387834131071,-0.246601960637608,0.426148861192456,0.075433448468561
"GLI2",-0.912221916220863,-7.32633855479621,0.516191997966305,-0.189499709730908,0.681575354140212,1.73315179650641,1.51782915018261,-1.98716023265192,-4.81524575791492,-0.120175643992954,0.585448752275821
"JUNB",0.568373093291602,2.95715500034753,-3.84338915231961,-18.1898974939255,-18.0597212124409,-0.48155912178008,-1.13476669228013,-11.2957686764825,1.83177957891654,-19.3447831509433,-12.1357282128034
"LMX1A",-11.9194869633698,-3.81758217064861,-2.29697099973798,-1.85608651007462,-1.5382476187707,-9.30604646695428,-9.7130339707327,-13.8146278810416,-9.9576547714068,-3.02720847729622,-2.41000953683447
"LMX1B",-12.5071256863981,-6.05659576443981,-3.3623996170488,-1.76420443020169,-0.876164394497928,-12.9990026256851,-13.7470166893264,-22.8953728665276,-12.1202515377222,-3.10936409115377,-2.72628924299875
"NRL",-1.9806955609553,2.22065010914812,-11.7888321323247,-6.12264418803736,-13.3179488281158,-7.02696028194729,-7.37748635523721,-10.7641017232867,-0.224584714861649,-9.7191439969472,-13.5097564345649
"PRRX2",-10.6783682224857,-4.99778037993178,-0.415360003466675,0.177613194274491,2.3395732494958,-11.8694816858427,-12.1597775633223,-13.8531264929559,-10.2706178819919,-0.395745866018739,0.662176896207012
"SOX4",-20.1138082101211,-18.2959041543179,6.31959389406614,8.31826423763441,6.81151738149428,-15.8858722659272,-16.5946052533968,-24.4678865452887,-24.8177251733808,7.91753701829177,7.47025630509171
"SP1",4.51648875245164,-9.86389984256895,0.420096417485921,2.8704383650972,3.42422337512012,11.9151748168415,11.8525479044193,8.25515434298325,-2.72573732556266,3.40548886574152,2.07564587054707
"SP2",2.47674000272526,-10.8224127214922,0.587525470627149,3.5674269171364,3.35749201824399,10.3690087762867,10.1449855981218,4.30610605629166,-5.02253067567134,4.17018966640296,2.17917213350755
"SP3",5.15139591471657,-10.6321354137515,0.986239622976827,2.46941143897373,3.9139905668893,11.1003050437537,10.9625408571929,7.26414851012539,-2.57469279740284,3.31640714648134,2.58877068435672
"TCFL5",7.14393152486067,-4.62101909011589,1.01042876994516,-0.309762305963257,0.0832569989443446,10.2397162237726,10.2216487778749,8.31992986529606,2.2789976003347,0.376843773003022,0.742854225491978
"TFEC",-1.72894310274813,-1.3255857359852,0.639521703377236,0.290896004501011,0.457216582407152,-1.31990584981788,-1.38445037133007,-2.21713475364167,-1.93047937744356,0.306985343657549,0.589143165849264
"ZNF740",0.0514288655396218,-10.0180469559721,2.63363653844,3.3451135758933,4.24915654602633,6.93008370353228,6.69121022759303,1.89623284697785,-6.15132838308198,4.07479681652524,3.90776115433114
"ATF2",-4.08355403304157,1.01046183391169,-5.49023812276567,-9.09024709970931,-8.81351788685675,-6.78566131710285,-7.19588602946198,-11.7721857110137,-2.17562549672003,-10.9145795030496,-8.06435707938185
"BACH1",-0.12527728627843,4.7777530677787,-3.59823350939815,-14.9994059733613,-17.6509769275701,-1.45059581486392,-1.97133170156774,-8.76538578917224,2.44580059597788,-16.6323711079618,-11.1198582315025
"EBF3",-3.65381118932539,-4.17203036973839,0.275294330962542,-0.272492740645277,0.881234994635737,-3.34227352430407,-3.53462822828775,-5.89487757538165,-4.79709978771972,-0.409499625893779,0.498784331389746
"NFIB",-25.7547981253179,-7.20310281691157,8.49761062500912,5.95436841230714,12.0596135440737,-20.9439465838934,-21.5499920947381,-25.614805094479,-19.2249474261697,7.00554927725859,10.9787017072936
"NFYC",-0.352796852731865,-2.7717781814523,-3.02937220210168,-3.21249976722482,-5.26160874029103,-1.49994753261417,-1.7114164069372,-4.46461759981186,-2.05769172305566,-4.73632199463767,-4.40281232241011
"PRDM4",-5.62498384410513,-3.19290891684693,-11.5874193468114,-4.14147511079976,-12.5694763862199,-8.2548998260127,-8.78916257776701,-14.1324723826596,-5.84040842887446,-7.80849891318396,-13.5417284016121
"TCF12",1.50009820007532,-3.58887780320321,8.09793819393901,-13.2832180602474,-4.39008280730968,10.0303906596703,9.39581162875353,-2.2726632415931,-1.74114006063299,-11.2669573119435,1.48998812287964
"ZBTB12",-7.55763214706636,-4.94216129558312,-2.23204804270084,1.27658533724072,-3.19473724505148,-7.9013202998329,-8.15375332024468,-10.8066249777439,-8.21920453513971,-0.0168038549295336,-2.71079160548884
"ZBTB14",9.76234718552434,-6.11898315976176,2.5255297647816,0.707593191228601,1.74509819058934,16.2461267813298,16.3312066834063,14.1092098212942,2.08838987724319,1.87498225807464,2.44217235351811
"ZKSCAN5",-3.16906047744997,-5.57054026775421,-6.9365932177735,-3.58133778366776,-9.21960324201941,-1.1442540275435,-1.63939291471294,-7.64785250562576,-5.60516654116754,-5.91400240992858,-8.80407467142799
"ZNF148",-0.988163820719373,-11.0808746756154,2.44224180358062,2.53848396108994,4.61922607452365,5.43655529102938,5.11807112328918,-0.439152047587464,-7.7942316403586,3.26751162126223,3.75617956775543
"ZNF16",-6.24179281461078,-6.69181856896593,-1.51012738673851,0.353599970012378,-1.94307799382963,-4.88216225379931,-5.20705574001081,-9.03134634600038,-8.4961563870278,-0.686881426972439,-1.8225021499518
"ZNF341",-5.12281227021452,-5.77822341755942,-2.54411757294718,-1.64006250379589,-2.69845288028025,-6.59953183902836,-6.96775401541048,-10.8375238955459,-7.04398737103662,-2.78230635270343,-3.10503417081846
"ZNF449",-4.76444823714263,-6.4667929224308,4.18138088988997,-0.0940261675033925,1.48483240230959,-3.47127703427623,-3.73851461371828,-7.53790388978434,-6.78569731663628,0.311163833680654,3.04152248507122
"ZNF652",-2.82964068649767,-1.15207172423436,-9.67894802674223,-6.03753336570743,-10.7015710054509,-4.85244484288875,-5.28701679183152,-10.6328811444528,-2.81252830811487,-8.94314110834922,-11.5719616331134
"ATF4",-4.03602442228371,-2.74048928782816,-9.42648529752026,-5.63486980250514,-11.2185829892301,-8.19465392250494,-8.66452812552704,-14.0354567241092,-4.91953180883562,-8.86560584499197,-11.8778153971045
"BATF3",-1.77033180614051,5.0945565120533,-5.27599224041086,-18.9922615736578,-20.7178200141806,-1.9373461371717,-2.60830604307822,-12.4870871451853,1.53025251741077,-21.2482656850428,-14.2170992712998
"CREB1",-2.57071694310212,0.248449878781135,-6.80074504585569,-6.692754524469,-10.9679331591058,-4.76062965842276,-5.12869078411498,-9.68637891478398,-1.78651377691778,-9.24323924667041,-10.1164640500346
"E2F6",2.53737658939551,-9.02485030029158,-1.28022992814516,1.0879865562468,0.62125155758822,7.9262791147765,7.7085323677611,2.92898491262197,-3.82682128649293,0.996294151973857,-0.411135386193771
"EBF1",-5.14184726680704,-4.43752764276906,0.916552462392155,-1.10524442439574,-0.0530044609808776,-4.72724452997941,-5.00441534330422,-8.09506255081305,-6.2622461290394,-1.26173281849415,0.401036342290327
"EGR1",6.40912413857933,-12.2889295907735,1.23753377932081,1.72138554475165,3.41524368455264,12.9956561217053,12.7878306669879,7.40824409709905,-3.60093616293829,2.54115963528002,2.46911193745
"ELF1",-3.50939821034719,-2.10819917914742,-11.0101723717774,-3.54312742601719,-11.3990419700488,-3.92601140256338,-4.28530342761813,-9.29911285385245,-3.85036340766135,-6.9696511701844,-12.5488409944832
"ESRRA",-6.45112821971899,9.56553027798991,-7.25651766417175,-8.99419687533844,-10.2884752267187,-9.52753663784578,-9.78440883782422,-11.8728973122287,2.41222837463908,-11.1271363194119,-9.95041358939189
"ETV1",-4.13032160194895,0.731035525905239,-12.2046868052213,-5.26849297878269,-12.2143298367942,-6.22514112847637,-6.61840270209228,-11.3419658121918,-2.47847731383205,-8.62140461321162,-13.5788753822404
"ETV5",1.46768239802529,-0.516886621413311,-3.03494998538952,-1.42282040914234,-3.73486017615728,3.45967430189921,3.37830342070435,1.54879263141928,0.656747529126277,-2.16620549384465,-3.60598024852587
"FOXK2",-2.6991729908278,-4.48675033723055,-8.42634355904317,-5.07753027659764,-8.66158683576382,-4.96488188963934,-5.45196221931534,-11.505258023015,-4.73179814354955,-7.58957219296514,-9.69170582485396
"FOXP1",-2.97143344551277,-5.10163369278013,-8.46609268774235,-5.56286099038317,-9.3282230618757,-5.8356062476329,-6.32238475646802,-12.7916582703315,-5.39288474694859,-8.60110197346505,-9.75646724530572
"GABPA",-4.41957237425191,-0.0885189054260605,-12.3642780851666,-5.02066891797043,-11.5833087898048,-6.57151106094714,-6.98711458529338,-11.7477852914016,-3.07436108498823,-8.49983021578296,-13.2814799468044
"GRHL2",-4.49576434177199,-4.29061005909572,-5.52143932599944,-3.6463166890552,-7.00955884248087,-5.04007455949664,-5.40058882233771,-9.62173202405069,-5.42773345269001,-5.90298736763209,-6.81901915644806
"HLF",0.687866398889142,-3.03355900306059,-11.3606659405296,-2.05273728233179,-9.73972739280936,-5.80210325930672,-6.03282401481827,-8.30630938503123,-1.84690194511983,-5.42878723533261,-11.4437726915075
"HNF4G",-6.79013487993466,0.0683832967480725,-3.7372073989685,-6.47191551681032,-6.16494505485873,-10.442399703419,-10.774653593095,-13.5873920523611,-4.63157434534998,-8.26976095586372,-5.63960106608313
"KLF9",-2.98270427127462,-10.7091816257257,0.216148551343689,1.73491822558347,2.61564003996302,2.66935918306025,2.26745799668288,-3.68410921011363,-8.40956886333672,1.7508612959182,1.40889398165721
"LHX2",-12.2765889673394,-7.44644636957957,-1.39441676131525,0.892623869322794,-0.0883635893531629,-12.5181685380017,-12.9714187706444,-17.5788958289381,-13.0574049971121,-0.29946923109284,-0.922501058616
"MAFF",-3.85986845469048,1.6790059258755,-15.1199952765498,-6.71075785972472,-16.8605322309051,-9.8757545645134,-10.3384140785635,-14.6057138049422,-1.44537789712126,-11.4356576355932,-17.2435321919015
"MAFG",-4.01803710858341,3.93120633388878,-16.5504843925252,-7.16415510916521,-17.9383886108293,-10.4174303911368,-10.8605977905384,-15.2246903582105,-0.844222183287113,-11.4402546980506,-19.7975711697952
"MAFK",-1.69163913602975,4.24736519935877,-6.72314898761865,-10.5187691262931,-16.3928423125718,-4.39053666043933,-4.87904553111032,-10.9180287033076,1.27833201567088,-13.020301638447,-12.8001991076998
"MEF2A",-9.66432159225156,9.72802483837712,-23.327372142509,-9.27672369536262,-21.6454539770034,-20.2761610771446,-20.8130509652407,-21.6722720490497,-0.537413892458717,-16.1759140592258,-25.8806799919461
"MITF",-3.70875878177029,-0.874175131337362,-2.34968531702955,-2.90407066184778,-3.36623347804064,-4.97280051518427,-5.213601865364,-7.79889897699942,-3.10132520583086,-4.0049512481646,-3.43340267108026
"MXI1",-11.119347541496,-5.89656903896576,2.40015799819329,-3.98070613866583,-2.78068197143648,-11.9770630520284,-12.5526132583219,-19.5503285074093,-10.875935676025,-4.56867613590024,-0.255214237987143
"NFE2L1",-0.829493995459639,3.66911266264156,-6.84941439910937,-14.2269044315537,-18.7628683575193,-2.32035355523174,-2.85161192962802,-10.4341855650274,1.36922276404329,-16.736354174012,-14.1399219389371
"NFIL3",0.102751483629326,-4.49739431925915,-11.8176951291231,-2.8069269115217,-9.73633184587326,-5.83083364251323,-6.13993946763403,-9.89880467510511,-2.70316460814973,-5.98117184760838,-11.5959160549736
"NFYB",-5.77632763195164,-6.32888815481535,3.3602209105363,-0.569823214445745,1.27758505849779,-4.52641688355702,-4.84797251195276,-8.80536487106058,-7.86115612926314,-0.289145648789868,2.61730007350544
"NR4A1",-9.5932043097406,0.763677249121952,-7.3761938915914,-8.63210863966937,-9.32747812442468,-9.96696762396959,-10.5399974903953,-16.5272555295061,-5.43745575187346,-11.0942784593838,-9.74377415562954
"PBX2",-7.91486126905523,-4.60728987818991,-8.43969988132599,-3.52671328385763,-7.4765411808989,-10.1115105022959,-10.6751872652839,-18.2106316295793,-8.5697426140354,-5.84783199891939,-9.09274682394278
"PKNOX1",-9.11894995420535,-4.11358904037413,-4.84879305485555,0.318605632346588,-5.98791219549191,-9.12172311609912,-9.54307315989096,-14.2407463192888,-9.32626748471092,-1.87435072083506,-5.63916500857202
"POU2F3",-2.69324679027176,-17.9734967107859,-8.13582743609574,-6.30442355029773,-6.32587301219103,-7.00019618045972,-7.94264084525542,-20.8407061692296,-13.6533329902124,-8.48124412146316,-8.7226924944658
"PRDM1",-7.07707939678109,-6.272392989572,-10.8761815348336,-4.11547173112416,-11.8510648722209,-7.56313050041615,-8.13596746059575,-15.056482021153,-8.2744603086729,-7.80415650154868,-12.3482758642306
"RFX1",-6.52454460751058,-16.779107597598,0.430703603677389,-0.494384951964546,1.80577184778468,-0.727836230254466,-1.36393620696086,-11.0611427003381,-14.8913776047758,-0.737696730796189,0.93751563623386
"RFX3",-7.75494728322498,-14.4271070763895,2.43765558071554,-0.619131814047348,3.58322037646142,-1.25515947928976,-1.92832662136095,-12.0529201752862,-15.6944354941087,-0.309403481049519,3.0365326844234
"SCRT1",-1.698498210489,-7.55222767359581,-1.42636666645304,-3.73653592514238,-4.3758604592407,2.10883424089622,1.70462130834406,-5.44401548917589,-5.96954388176129,-4.4335884428096,-3.33077495810419
"SCRT2",-2.21004138276406,-10.0452711469012,-0.464576559029646,-3.06922798151382,-3.11104050654238,2.68788433127884,2.23083232427606,-5.05578681764271,-7.00712617795007,-3.58561475441923,-1.93778606138818
"SOX2",-14.7623758900755,-15.7636501639279,4.11029908159955,4.44277455832867,4.95858180010233,-11.7132880478865,-12.2404707294631,-18.7310788318211,-20.3369830479565,4.34174129935678,5.18213907281649
"SPI1",-7.58337737202244,-5.41337155906889,-19.7554675081517,-7.75454774138041,-18.3038342105721,-10.19322489418,-11.1448382240491,-21.3609400786431,-8.28457816390909,-12.6442529558864,-20.6918739801297
"TCF3",0.169699823593511,-3.69202921295868,8.37039963749576,-14.4150251298007,-4.36058049306183,7.32410806039455,6.77295836102423,-3.26363452345811,-2.54676682709321,-12.5333310535763,2.13061853468655
"TCF4",0.0662388435636203,-3.4024519833224,10.7675616699753,-13.4272690192332,-5.75424028954557,9.70182890724363,9.00263404216931,-4.16292399597069,-2.14995811720645,-11.7205054116489,2.07129736672975
"TCF7",-3.59636484914223,-0.462094203814485,-12.2277889754986,-6.68636263465732,-13.7067556120682,-4.47264302795858,-4.98726854264904,-11.6541638252688,-2.73343321889858,-10.1866748651414,-14.7032120604663
"TEAD1",-7.45543313724623,-4.10724121128868,-6.05065168447171,-4.70113245341023,-7.96459485472755,-8.75379179983521,-9.21991203043581,-14.4833436000704,-7.45792408691312,-7.28296223664312,-7.89375055748554
"TEAD4",-5.98578329149066,-3.2390673122298,-7.67758217319505,-5.0579545443177,-8.05519810207672,-7.71472103462448,-8.17856278681223,-14.225114871107,-6.36970923334267,-7.52198865787879,-9.41739938783362
"TWIST1",4.47076943194634,0.592436153999498,-7.55378784378532,-19.5199444353993,-18.8983309152346,1.39198691159113,0.686129721773747,-9.35024507860492,2.71227666967677,-22.2294084032548,-15.2245136065946
"USF1",-6.72072333731287,1.46356691815542,-3.31696348561045,-4.26851344385381,-5.57634178701715,-8.45657527578358,-8.71749548183761,-11.245135077629,-3.1070689124223,-5.67627984599696,-4.9412681092641
"USF2",-7.21772124132709,1.16465764146872,-3.86445633012198,-3.24457365592977,-4.63446428839762,-9.84206756430522,-10.1251708021058,-12.0414121015583,-4.06410479137665,-4.61967564377342,-4.98095444945158
"ZNF263",-3.51267938736984,-8.41221220113501,-2.45316797160518,-0.138600915892114,-0.895434270358407,1.00600144205057,0.649776995033004,-5.29206024789551,-7.75267473553261,-0.79516281704461,-1.94048803133763
"CREM",1.72558170462138,1.22725307609049,-3.76022211318079,-3.87566970518463,-5.60361335543506,1.82549158988286,1.69341118152154,-0.884870189142935,1.92676583802658,-4.78296038928484,-5.17940298848193
