"","Pvalb","Sncg","Sst","Lamp5","Vip","Pvalb.Vip.3","Pvalb.Sst.1","Lamp5.Vip.2","Sncg.Vip.1"
"Arnt",-1.47407598420794,1.64260841740841,-1.11327885292524,0.165708586711413,2.19483782970864,-1.57744299307725,-2.17410653446544,0.658090494755224,2.18994898048866
"Mecom",1.17369625710233,-4.24922076523115,3.53120433897757,-2.09834264350546,-3.5742315744369,0.921322593471984,4.30293115297188,-2.86459375718007,-4.66997979970867
"IRF2",-0.424361304421603,-0.525471130500867,0.0919546548604313,0.60626379267205,-0.619157490307127,0.270716200556851,-0.181213089903886,0.352964515475918,-0.561409486196591
"MZF1",-2.14522141142711,1.48822379651404,-0.540714929695987,1.75357802721227,0.667871068304823,-0.0874291086906666,-2.25672818737474,1.82161021136754,1.32524862980974
"PPARG",3.32197611849657,-0.44052381896259,-2.05334719917349,-1.89167762113009,-1.14668607200739,-2.85799652771434,-0.0859064826982222,-1.91964265318965,-1.06993688580805
"Pax2",1.33296954292843,0.574905682155373,-1.58091922851678,-0.0914220494735599,-0.475916062394939,-0.944747115287778,-0.690122047987173,-0.11847215516851,-0.0301482158443325
"PAX6",0.683043143464046,-2.24336597249636,2.17939020637123,-0.74017286851805,-2.69223853783676,1.03702458082172,2.49914803378617,-1.34772772516288,-2.80812263385639
"PBX1",0.754172777168693,0.0634028650725096,-0.295783157310221,0.36047041749428,-0.887927065268077,0.589049359967227,0.24798642319821,0.211855333780605,-0.447587321665183
"RORA",7.06682482122238,-4.75581893879952,-4.75581173122373,-3.98667564712338,-2.44728773733065,-5.63804288629687,0.190349515959081,-4.63657916120641,-4.29463784631406
"RREB1",-3.15625393182284,1.75613256782555,-0.0780675342979275,2.73807724223047,0.442990067793063,1.16972669274717,-2.0811788897925,2.76549697806556,1.40697955029287
"SOX9",-4.05532108304542,1.60576617661549,0.328235818741969,1.50963538896734,3.96630031402259,-0.249510450883383,-3.08932253794421,2.06826074425482,3.38229819378022
"REL",0.361983307622586,1.4413043178288,-1.70306939731276,0.0619460957739699,0.515759043454655,-1.65058645157908,-1.66809315658445,0.264138107814038,0.995644184338864
"RELA",0.204828265541111,0.94934842571404,-1.18552704864709,-0.259188510376858,0.458041400453989,-1.37739068862766,-1.0840648901224,-0.0609850909487205,0.723561756347947
"TBP",2.77684930938346,-2.68302489444526,-0.346806990182376,-2.61330604562176,-2.28526555948289,-2.159950404246,1.65729876821601,-2.97916906926619,-3.08743608258908
"HLTF",1.96013457268149,-1.8941579077104,-0.100609211680549,-2.16158505943637,-0.802211517326806,-1.62525367123303,1.22608231416676,-2.35268271366776,-1.70487787131486
"Znf423",-0.351585555615324,0.933026206766901,-2.38127352455886,0.313742148294615,1.8195532939484,-2.29990143379515,-2.62799609075334,0.580671897699961,1.58155365851142
"Nobox",-1.50237784076693,0.48362003054533,0.884570630910124,-0.112125576061664,0.981855385939551,-0.0170369070747935,-0.176307765417584,0.160188550644218,0.812331580061387
"CTCF",-2.56242285420878,1.65589080763989,-0.863786395144224,1.32260869704609,1.83957623208966,-0.919608593298246,-2.63089141242319,1.68499865053906,2.22890167904806
"REST",-0.0743071998832606,0.765013541988455,-2.84307289568058,0.252025753896508,1.71095017616883,-2.17954409899904,-2.52257772565904,0.52171402182968,1.40843006739707
"RUNX1",0.230630637820441,0.559996279935648,-1.41027785792832,0.504894164443426,-0.140672581724806,-0.808712209343509,-1.24060551508722,0.464634180154776,0.282292846895296
"Arid3a",-0.518592914732566,-2.75018975768995,2.46513633127047,-1.72715269151942,-2.08870855798533,-0.774314246481375,1.78489268021057,-2.18089831850756,-2.88399509470405
"NFATC2",-1.38173125208387,-0.914924292317003,1.68761300698236,-1.62747463747605,-0.367508561178111,-1.49776887637762,0.615681103371993,-1.67886502090399,-0.871974252799566
"PLAG1",-2.72260412080131,2.6718934321359,-1.62455725342412,2.74268676859833,1.54064208125247,-0.188392854469089,-3.25265317915805,2.89234827348795,2.40157865698577
"Zfx",-2.85858518873848,3.39827900568464,-2.68194280862347,2.33090544407049,3.18325213216298,-1.59856706403024,-4.58428684450438,2.95636990327935,3.79573265910251
"Crx",0.152201839550625,-0.841707082636773,1.07858120002934,-0.9431551788711,-1.31843184246381,-0.24010905235953,1.0757384915492,-1.18439482407462,-1.3212178451395
"FOSL2",2.47874763310978,-6.8438837243367,6.28474035050878,-8.31727450452118,-4.40279031269796,-2.83079037311292,7.94351697362696,-8.7336323873092,-6.8328685128
"FOXH1",-1.46329742918857,-0.47840685073898,0.998898158370546,0.159786520330595,0.172631245390278,0.192225596056845,0.0433371228329003,0.110972004636964,-0.118614125651282
"Foxo1",0.281842592967901,-1.16448012760843,2.40007643342484,-2.88322512770664,-1.84436075933624,-0.958370108308265,2.63953527059017,-2.99543723361418,-2.08399769362329
"Gfi1b",2.34719282417638,-1.49662376694508,0.315465917688886,-2.21244146683604,-2.20805359902403,-1.41999514028984,1.81202888957186,-2.47000643996703,-2.36090899878093
"JUN",1.57960307748601,-7.36796617044549,6.57714039680141,-7.05966759796874,-4.55184372848046,-1.35766485450987,8.44934083684591,-8.35914046812333,-7.52405909095431
"JUND",2.89931945382399,-7.12614886937764,6.49555628998445,-7.68600807776786,-4.66590241084164,-1.29102892629426,7.40430992388795,-8.62285177611957,-6.76188475046733
"Klf1",-3.54884272435009,2.56987726803404,-0.650982657979721,2.72588842981437,1.89280739338859,0.693208119077574,-3.04586146500996,3.04872709111051,2.81753482034743
"MEF2C",10.6567106045681,-7.89537749746006,-2.33754328375838,-6.07832711647595,-8.00764324617802,-4.4056882566896,4.35520345153337,-7.85240432555628,-9.48186165055926
"NR2C2",1.24867681955981,1.19323453707827,-3.45790688700336,0.254125735245097,0.191292835236479,-2.55995014536072,-2.67056898187178,0.312715450662946,0.661610160416422
"Nr5a2",5.15060020928658,-1.20020116828952,-5.36488761317731,-1.00528555476664,0.0894847718410709,-3.69062656791657,-1.92495465080746,-1.13192239106009,-0.71412747897859
"NRF1",-3.92026401465643,4.13110815285765,-0.530476121008515,2.38003211151851,2.27919424519704,0.463142431275472,-2.95640779063509,2.92447979381252,3.6671743452821
"POU2F2",-5.62338111451785,-0.544657253587573,6.44427325826505,-0.140803602325077,-0.261453140609716,2.24840731141186,2.75675917885078,-0.138564025071707,-0.449476482599545
"Sox6",-4.50648624904865,2.38420522623068,-0.31578140413001,0.520041977560457,4.55459996957119,-2.15849002369961,-3.58187677555679,1.37428463493099,4.27762204618108
"Stat4",0.06847871772339,-3.74955513205108,3.13092189967267,-1.28194719654168,-2.9017111916909,0.631308683943642,3.05561306610935,-2.03597334279677,-3.81990728070636
"Stat6",1.04822436638591,-2.88699449766889,1.50462151132236,-2.14279320004893,-2.26717300267068,-0.887814110675362,2.08508830155947,-2.67038777738593,-3.05622962051907
"TCF7L2",0.764998112599709,-0.599531788738847,1.1034113446658,-0.180696076202954,-1.72353543086022,1.20041076490464,1.66417022101502,-0.489364160856993,-1.38211190430735
"ZBTB33",-0.732668805327707,0.898307095819926,0.449515657464173,0.45696667098241,-0.0488501418174374,0.551123955379551,-0.129911347199331,0.529868149148098,0.498571119651988
"ELK4",-1.43298888735743,0.225155552658416,0.585959361126911,-0.669628519190488,0.572351171356143,-1.16168665289159,-0.489804848755199,-0.50702577514574,0.393681564902819
"ESR2",1.92219398215139,-1.05116012342846,-2.70446992951914,-1.11006948854102,0.484821683800689,-3.28652736836409,-1.42656820094262,-1.12157938895355,-0.365097764648262
"IRF1",1.38208581321971,-3.44702641067237,0.625290232309378,-0.40495321202281,-2.87229198213184,0.206044423704502,1.63456001125665,-1.3483553685673,-3.6930678812085
"Nfe2l2",1.85080895286939,-3.90212023739084,2.4831733196362,-4.94402091954117,-1.41493187630596,-2.37980827428922,3.85491312717402,-5.21950381729477,-3.24702641393088
"STAT1",1.28055899128201,-3.3038449020021,1.05526632058012,-1.23711789367843,-2.84927713043364,-0.0681069515684716,2.00480139859562,-2.06247458084144,-3.44674104102008
"STAT3",-0.283303946641227,-2.52048428555291,1.75814443649866,-0.666486410856679,-1.67447478076772,0.104369050687359,1.50394357343093,-1.1866897315171,-2.42559799156103
"YY1",1.60077544108146,-1.85732021184803,-1.41289175840646,-0.600496322491576,-0.108525707461961,-1.60139066025513,-0.270053289826182,-0.861222089270937,-1.05909333027884
"FOXP2",1.54440252759859,-2.41936172032536,1.62722037171132,-2.38753181725324,-4.28329173754205,-1.12888908979947,2.90248350664493,-3.03738457005037,-4.38911219203252
"SREBF1",1.54040026484529,-1.17904351509565,0.286829409650198,-1.99518885934089,-1.32763322956888,-1.20807105992732,1.36057727426299,-2.13567431903407,-1.53563144764442
"SREBF2",-0.41935700893854,0.0670805723543408,-0.221139097388781,-0.143724754988176,-0.0758246044583171,-0.746463248045591,-0.535729608468779,-0.156106729875233,-0.0309302940891539
"THAP1",1.05227197930721,-0.659297263585935,-1.57988953322186,-0.683294078427515,0.426580772621001,-1.65959852629943,-0.885584252339675,-0.693543296555917,-0.191598480869544
"KLF5",-4.00710800031267,3.30057528997805,-0.992356584560492,3.38714393587139,1.73247172409026,0.758917225993584,-3.67762640523199,3.58219184155082,2.98884449721446
"Arid3b",-0.385719163236803,2.14459233485001,-2.09429140146542,0.775184106598004,0.778663406498213,-1.1463878694427,-2.234515694242,1.02098263751634,1.63154433049323
"Arid5a",0.614450653539585,-0.500208465240649,-0.371723470656281,-0.361596551543487,-1.17208540059918,-0.749404813543866,0.0369079605457775,-0.602615014007626,-1.00539987824017
"Arntl",-0.755479007039021,1.02040347138529,-1.75430720857439,0.995872957295209,1.29644507835503,-1.12202621135473,-2.10324618310223,1.19016775644581,1.31771744204132
"Atf1",0.580070791792428,-0.341263823680323,0.319730889517101,-0.925313321166211,-0.914244830492072,-0.514969688219461,0.705692310066975,-0.989379197072048,-0.782035790600945
"NFAT5",-0.0344039654545039,-1.2841916191925,2.25404749706147,-1.93790797152195,-1.69203827077937,-0.45304374619187,2.2387718727871,-2.18803484823841,-1.94431865216117
"Bhlha15",-0.604629639652863,-0.537246610000172,-0.294719758840942,-0.581639891122682,1.82701650680379,-1.2917108591819,-0.851695591232156,-0.333949290860751,0.821716608504403
"Creb3l2",0.40899405951272,-0.540871752834134,0.187288692741836,-1.12255784052035,0.0415822710626867,-0.964462533745878,0.453314993446158,-1.05675592991739,-0.398757160857225
"FOXG1",-0.304901539407681,-0.844830362254362,1.54138623533785,-0.386772786235889,-2.80380029417454,0.574971695260017,1.47225230138164,-0.811814756395053,-2.12035732814911
"Foxj2",-0.407073277124209,0.523539870954443,0.864446890289645,-0.33101902143465,-1.85284162864327,0.0121528044066211,0.559083542622999,-0.540957987516353,-0.884614573527984
"Gmeb1",-0.996167187833875,0.495856021612949,0.125409055489492,0.2934597311263,0.631881055332714,0.0240412686342867,-0.449364266790699,0.397160773225191,0.643023275615284
"LIN54",-0.358109556751239,-4.45599069862251,5.41233824391764,-4.13620375750139,-2.66165068991275,-0.43524656576768,5.41895291975655,-4.77589025043488,-4.31443347244434
"Mlxip",-0.854524010571751,1.10771365501716,-0.485882100019454,-0.375978777987,0.561354817684637,-1.34582119317321,-1.10759878329799,-0.0755295377960894,0.853149608353649
"NFATC1",-0.105781636177825,-1.28992191049434,1.98235776459248,-2.00628850571816,-1.53840731289561,-0.657430080415478,1.88056138364683,-2.17846740880258,-1.76473663052499
"NFATC3",-0.304852081458396,-1.49807766805575,2.13727687313527,-1.91835397368751,-1.29881743086085,-0.580177972662406,1.90967857631272,-2.13850660630182,-1.75280980817641
"Npas2",-0.366193696335786,1.89922755487803,-0.216436676757055,-1.26337273933537,0.393138802096174,-1.53069920033019,-0.520022938668509,-0.835687854652487,1.05020788697657
"POU6F1",-1.63759595733404,1.14719334808729,-0.367308106769073,2.88358928317287,0.18599195034225,2.0382816919544,-1.46887488846399,2.79798629910825,0.9625891093323
"Twist2",-0.2433517825659,0.909070253835103,-0.865214024444053,1.16629440142127,-0.0497427707426612,0.281405519725182,-1.04880101030214,1.13468672996039,0.525205733130419
"Ar",-0.461999244148045,1.05528339654939,-1.9149605438351,0.429711743638115,1.69839078250519,-1.55530825473803,-2.01909645986227,0.713372964579257,1.5289503249066
"CREB3",-0.995092393083707,-0.189553704851845,1.20048218863453,0.126875013760827,-0.522745668406958,0.686282400035901,0.590489992283195,0.0162537058176756,-0.407523579201431
"DBP",1.8141565754366,-2.69102898239561,0.478297913460909,-0.295865145757776,-2.65880273350512,0.613689517380779,1.84450917784923,-1.09599187462607,-3.10713580893221
"ELF5",-0.422542735150929,-1.53129194113734,1.42364913932789,-0.348274045760304,-0.892675278742039,0.38190634318971,1.08861415813958,-0.619048718446464,-1.36281749661937
"Esrrg",5.4686024109459,-2.10482966029524,-3.40276102361586,-3.25591538568093,-1.50754511464363,-4.41614345800999,0.244387335784541,-3.39663665094636,-2.28436686353409
"ETV6",0.102145354179247,-1.03156834590447,-0.14061004597162,-0.631096191749941,0.0582836416220535,-1.08158116443542,-0.105939791025906,-0.716106513123166,-0.542335072082837
"FLI1",-0.784073136055666,-0.660871901362968,1.17097956991346,-0.0544177985108317,-1.27481538071957,0.206998846957045,0.560486687631339,-0.309464107770688,-1.14030240826006
"FOXO3",0.0916051971038138,-1.35368033195949,1.68270670713693,-1.52229842495318,-3.37953478807075,-0.547487235381601,1.77065585114366,-2.08139157329366,-2.80626133177227
"GCM1",-2.01475731454502,0.824003189779491,1.04698866900237,0.471792120644538,0.616346205105764,0.656513410810522,-0.111795774036326,0.64461612781351,0.835160009555283
"GRHL1",0.144707695670988,-0.868690766289944,0.693708087640747,-0.670890752432027,-0.658376045803377,-0.276883314393712,0.695865164927468,-0.795406569672449,-0.8588418620022
"HEY2",-2.13545569170816,1.21769101133608,-0.347990561728278,0.882029619793331,1.20911394692291,-0.427714577677936,-1.7631594059258,1.12061885746914,1.43153514555257
"HINFP",-1.17979569977404,1.16182867873781,-0.836611425476858,0.880952547802226,0.925130507335377,-0.471307966044965,-1.74021312220872,1.10279504823638,1.26661903798957
"HNF1B",-0.822387691086416,1.40836679750584,-1.66352423961001,1.52191089288024,0.132368548625429,-0.183181025734609,-2.29952969854041,1.53969053698668,1.00394134825284
"HSF1",-0.327026862209649,0.0589243577243338,-1.23540578570985,-0.0915951000538187,0.515430692395229,-1.61320320313109,-1.64511029154238,-0.0448310277481302,0.344142883525454
"IRF9",-0.193947084365833,-1.25400491701748,0.113908865277612,0.901385245728672,-0.96012481309728,0.605748291464158,0.00542600485108673,0.475954176836258,-1.14512922247858
"JDP2",0.462393877726257,-5.76874126867765,6.31057231375254,-5.3958663066005,-3.96811792503092,0.114673173653219,6.54118103131993,-6.23048248145831,-5.82164913116877
"KLF13",-3.69998134496814,3.00764071026703,0.074127686161858,3.13349650385476,1.38716693805546,1.46723184113793,-2.58622047106723,3.32632645143602,2.66677704633282
"LHX6",-0.836919288147259,0.555471074083571,-1.21422571573029,2.51033188522144,0.183593600360709,1.13853333299819,-1.60540397668762,2.21311607553419,0.59845415948093
"MEF2B",7.69813689917226,-2.98328529849496,-6.52804718199059,0.141964272357734,-5.52985963473994,-2.42154265655601,-0.683532638215599,-1.17993565656099,-4.68577100098313
"MEOX1",-0.066862535304586,0.453514240221674,-0.707552073016602,1.76341036845928,-1.37027186790019,1.07542351610264,-0.685226558963882,1.38731343758281,-0.465902435017396
"MIXL1",-1.16795737732763,0.175862743280877,0.30552215275409,0.0749956296779457,0.422904104902399,-0.40025994569021,-0.466590526057765,0.141461334050534,0.338713658931223
"MLX",-1.87374323204078,1.1633649577578,-0.447753939994244,1.53619839347108,0.612884363617943,0.256916791933159,-1.69404762904726,1.55035461562499,1.09451283612134
"MLXIPL",-1.94574477181518,1.65282994603581,-0.67956400838652,1.5093563511371,0.798962102033687,-0.114975160728749,-2.1548943720498,1.65344295143451,1.55787617686941
"NFIA",-1.52306739831718,-0.00979494131657569,-0.298960200358634,3.09870579398707,-0.623649488228187,2.00664632096324,-1.29134873203096,2.60135388297715,-0.0996272625165377
"NFIX",-1.26036967611742,2.72185130183069,-5.24074062613037,2.00805855660969,3.80781771542811,-3.45512496870775,-5.43891455863129,2.55735636450882,3.78611836743593
"NKX2-8",0.981595817204905,-0.642705369417983,0.23071887182668,0.556646310835338,-2.7364483138807,1.03118652799931,0.891261008655764,-0.117813140516649,-1.91876109703157
"Nr2e1",4.13570907331516,-5.81462306975511,2.72186196633687,-4.23981107784808,-3.9746222751614,-0.689127189515031,5.45671190384175,-5.01747118291182,-5.7668437340823
"Nr2f6",2.89434970382806,-1.16809128534985,-4.28392205779214,-1.96009794058104,1.48974315780045,-4.71869331876902,-2.6938468572556,-1.8086058411279,0.0882499837344481
"PAX7",-2.22306601599423,2.23491518557559,-0.92413765674198,0.107455750440926,2.53963162372904,-1.68863818105018,-2.40929046401522,0.770048048824168,2.62137767642117
"Rxra",1.04353131519865,0.0550231492076965,-2.10020390879927,-1.41940203159317,1.12238475469957,-3.19310809156596,-1.33770454255129,-1.09667216432495,0.589072034215
"SP4",-3.74152185125647,4.09027337549905,-1.59136491129852,3.771491870962,2.04931126533714,0.860649931826353,-4.05222468149455,4.12832092311447,3.63073931943192
"SPDEF",0.319549231210832,-0.0194796077778192,-0.776941234064828,0.039602041849159,-0.578797024964919,-0.805758779513734,-0.611323969108885,-0.0826279873451362,-0.3571356729562
"SPIC",2.16347968125088,-3.6028540221193,1.04030987843691,-2.85554667224675,-2.5598266963377,-1.65362194306302,2.55438677420603,-3.43103451163452,-3.52691128785949
"SRF",1.67269041232568,-1.91415110812698,0.155058904175135,-1.0058122584898,-2.34831765246431,-0.620245946734108,1.20440840383733,-1.50763001355353,-2.43219423988087
"TBX20",-1.44773770267022,-1.20975411764861,2.38116469867599,-1.27226340285015,-0.0987410056870662,-0.0564056162601681,1.36983928845471,-1.26242361590822,-0.767382664180246
"TBX21",-0.663913792585204,-0.686212084855248,1.05076347222018,-1.24682812411441,-0.201381594483389,-0.959195994209085,0.613803168004843,-1.23721337233612,-0.61406652051525
"TFAP4",-0.399008690113194,-2.69436059710083,2.84805602981568,-3.59266104792347,-0.79093639726165,-1.90642840686436,2.36644103624919,-3.6985362002329,-2.19638156056537
"TFCP2",-0.970860283937241,-0.856855441202448,0.997500381159832,0.571110913487408,-0.11266156856886,0.879539222628128,0.294652058003086,0.393578753835283,-0.454077979210023
"TFEB",-0.721106687064932,2.24106360693109,-2.62159498681668,0.972935202899646,2.31692267313269,-1.65118684072217,-3.00094533517487,1.46493829252923,2.56038396606653
"ZBTB7B",-1.13246482859691,0.243757248630219,-0.487731434604512,1.26256714908172,0.688220385179778,0.287870294541106,-1.30395175551214,1.23657777907694,0.670296185754667
"ZBTB7C",-1.79930926233102,2.17620863101475,-1.06883965079254,2.41973825565827,0.943271434036174,0.673170991529251,-2.1952549671132,2.53058831328853,1.80314979344159
"ZBTB18",0.270528012781733,-3.92504736158935,6.7156297351372,-5.8594440239368,-4.79755681927125,-0.726131751621665,6.8279292652634,-6.33899280225831,-5.54520732610067
"Lhx4",-0.292643581295738,0.595792781906587,-1.51021902180791,0.678353589625835,0.854725734096406,-0.80906837081856,-1.72943736825419,0.765702852360751,0.906606561896399
"Lhx8",0.608681795652334,-0.798679246195504,-0.45824946934749,-0.281058283171632,-0.45930784918846,-0.570483755701195,0.00300095160435532,-0.447389130358626,-0.686915224001087
"MEOX2",-0.232946049366771,1.69917989682318,-1.59810199200716,2.5123216924591,-1.56350663584889,1.44737391973863,-1.48849956347503,2.23091342013393,0.197545475889369
"PITX3",-0.934536753176044,1.3152378520321,0.262141568077086,-0.317966469763431,0.573738321335062,-0.532558084859613,-0.40988505949078,0.0104585473519055,0.933763469280801
"PRRX1",0.255448102505892,1.0268502099291,-2.64967025216119,0.582657247017459,1.21397888714167,-1.90124731014306,-2.48421673250635,0.77832038394177,1.31332725640861
"VAX1",-0.438963229175173,1.49845433419114,-1.37453661000412,2.93029413018091,-1.48311004653073,1.78476066924386,-1.64097432310341,2.58782778332925,0.178968152253158
"VAX2",-0.478818019331533,1.4003591043013,-1.34677480908948,3.08825820638894,-1.35100548369549,1.63772415661909,-1.71954159199654,2.72561395010286,0.182610906485435
"VSX2",-1.2433126362525,2.05100759300115,-1.54358376739516,4.06992894101328,-0.587212118594948,2.18125360860919,-2.43105498112426,3.78045847491913,0.926599589876308
"ESR1",0.252572465690286,0.867055936504528,-2.41466820860058,1.93708770401467,-0.433465840362374,-0.402335019819878,-2.19328694177119,1.71126321958976,0.331084499664405
"ESRRB",5.99169144262189,-2.38709599071682,-4.28928000768791,-3.75486542603422,-1.22916846403444,-4.94076494544298,0.263633759259484,-3.85145950891643,-2.31655626127543
"NR2F1",2.84386227140547,-0.40213037466234,-4.30179373592222,-1.37477659189763,1.08932631056919,-5.70479029347405,-2.42408624324347,-1.18521747315716,0.327451975099268
"NR3C1",-0.0875905580240224,0.893063849537518,-2.12023498489335,-0.00620836105462624,2.0280099931252,-1.86174011721706,-2.01510858808825,0.350897212287591,1.59387016054309
"NR3C2",0.179069967288422,-0.438317661397668,-0.696985101795534,-0.273901204323076,0.789201983846501,-1.02819681733065,-0.597153520434204,-0.224656315238999,0.169855691492533
"RARA",5.35247779035594,-2.36850441787781,-3.83170033655604,-3.46415550798515,0.000332471152791777,-5.07546204169409,-0.547188111451956,-3.52232388961678,-1.61563887731188
"EGR2",-3.12666498510929,2.20132291625502,0.149815764773196,2.2455097724772,1.04629195678249,0.857226486198437,-1.81147322626364,2.41982586438622,1.92672254491558
"EGR3",-3.68498649745632,2.59300236032226,-0.169504523847663,1.7482520186234,2.05870927232752,-0.352696469726038,-2.71855207530691,2.23125796174369,2.70400258008243
"GLIS1",-0.351425834596113,1.41192296704423,-0.463704571954461,0.688887324585982,0.105055145729911,0.197758596094307,-0.70487508453478,0.827259318717413,0.842022938524814
"GLIS2",-2.80927154400236,3.66563012256299,-0.663323124727072,1.71633912602122,0.993475291546025,0.172270992518104,-2.50975074353408,2.11629654313129,2.79058795190152
"GLIS3",-1.68592072624243,2.32016039226155,-0.103194624009209,1.44796793670639,-0.106946375447952,0.642081560732862,-1.31777741622848,1.58998353298643,1.34804660039801
"Klf12",-2.85438671348175,3.59283997290048,-0.392457902425891,2.42867421991425,1.23503074189478,0.941952720530896,-2.54731279008562,2.88220448158645,2.81125292871697
"SP8",-4.40209337510801,4.29975976448397,-0.272030201029656,3.07957527100869,1.5733610438075,1.47207333399017,-3.27032773300038,3.48027731056225,3.48196638015954
"ZNF143",-0.405654282029537,0.634233790643926,-1.39682898522975,0.136678273131096,1.1440980845466,-1.60431036520084,-1.63761789739447,0.312620763663309,0.979462706769229
"ZNF410",-1.33501523213696,0.338873419495837,0.0214998381099038,2.66663354672732,-0.807747464818796,1.89900750176244,-0.866904275186656,2.30305869865282,-0.103163941322995
"CUX1",-0.444871829295379,1.34543971982303,-0.804162014378901,0.345016314671263,0.373822167323206,-0.54566009211453,-1.12611780792947,0.487437878186541,0.942281419609929
"CUX2",-0.569890569906508,2.24541439517289,-1.51075812780265,0.552670287624774,1.5955210011149,-0.973681467073606,-1.88491630552186,0.927367909235908,2.09917933383751
"ONECUT2",-0.882230599771786,0.49796661244895,0.236409463486241,0.951018450765974,0.031859976462172,0.712052364199486,-0.426480074085996,0.934829083803785,0.384186744381994
"E2F7",-0.0790866488089769,-1.47329584942908,-0.692997104558156,0.527849994521812,0.215493055502826,-0.381512759176947,-0.735918921160456,0.320790642674003,-0.555304307108662
"ELK3",-1.17791728871272,-0.196969578597888,0.528236417023491,0.67109724596989,-0.423510503041861,0.3239099804366,-0.286543629408092,0.502926692992766,-0.300777094869194
"ERF",-0.236405462368615,-1.37881786904879,0.902084867240049,-0.798441173612328,-0.906347774907791,-0.59781964850766,0.70811696594138,-1.03341403980264,-1.33310614019465
"ERG",-0.321580745646633,-1.50284438761024,1.22690854824765,-0.666635272470411,-1.44840830954478,-0.0233033180394007,1.06272306240499,-1.08084919605526,-1.72653440072698
"ETS1",-0.0862906975488182,-1.11114944774472,1.20141358498212,-1.12577136057886,-1.17892348549962,-0.628104452845968,1.01341161860753,-1.28083591929259,-1.34401255014005
"ETV3",-0.757455009054231,0.357574360261506,0.0176835453786887,-0.235967048756385,0.306806575178554,-0.822004679680967,-0.636957283219151,-0.126616610879535,0.339489644389804
"LEF1",2.38733604319167,-2.66750547498447,-0.0311895583959647,-1.44212045591126,-2.37711221745705,-0.745519618472093,1.68405522574414,-2.0141340172164,-2.88664921544683
"HSF2",0.423680514933377,-1.33188304657334,-1.80610284339256,0.0416288952295186,0.506405091057486,-1.66524223582895,-1.62583842506863,-0.117755503281345,-0.400401834044524
"HSF4",-1.04795204192834,-0.516167891480836,-0.0990559639035777,-1.37792053369471,1.09253343550951,-2.59191553845369,-1.02529768607144,-1.17665334419347,0.276185330628
"IRF7",-0.0268817759343975,-1.09758763929861,0.729303315187873,0.168899742067076,-1.45379649719485,0.483614359205255,0.708056409744995,-0.244475956819896,-1.50309393440098
"MEF2D",7.75898191624023,-2.77819279268404,-6.61989964077533,-0.556504683207018,-3.98126918259389,-3.20395385721481,-0.888883187168948,-1.65656481154477,-3.85174654230311
"MEIS1",1.955582557894,-1.40906687440072,0.945458823741383,-0.31111618944594,-3.53000861543232,1.25050160763603,2.06984305391152,-0.955437925788301,-2.89048961100763
"MEIS2",-0.564172707400489,0.247608210817545,0.693720591173754,-0.111978442677378,-1.06430397356096,-0.0783101109805512,0.231498219569223,-0.220041274059029,-0.510994088058343
"MEIS3",-0.162909407907951,-0.270888167644086,1.48610340237018,0.247086560175742,-2.06880866257444,1.30684528006499,1.32287933318952,-0.171467659213299,-1.37187266144422
"MYBL1",0.214177186461766,-0.289919635456333,0.387454709843638,1.29838460345414,-1.3484311930688,1.82909454556672,0.54799437497122,0.849519607902883,-0.86115151895888
"MYBL2",-2.34332109543263,0.990941725534941,0.591485230716346,0.844111729796043,1.6011819463651,0.191333713318808,-1.00547621885849,1.15017688392254,1.50984346379599
"NFKB1",-0.224928853668028,0.340876397752545,-0.731727056062723,-0.925758499490694,0.673599648570382,-2.04455421857744,-0.901515071035471,-0.723036502246827,0.488532056494215
"NFKB2",-1.02775405229389,0.930065351843843,-0.44310659308217,0.309927673265802,0.28343371334254,-0.781301080687345,-1.06127526367419,0.41366183027432,0.640078830491481
"PAX3",-2.03900108181816,1.62274169498786,0.560793288569935,-1.13157230566206,2.12730717659766,-1.68506619607143,-0.99556446367015,-0.529616628238534,2.01563688612549
"PAX9",0.638147252547306,-0.976172754964299,1.20676199791061,-0.586031153977839,-1.11480275061617,0.786988670838586,1.56865000296004,-0.786315361920387,-1.1851720029574
"PKNOX2",1.33035849120873,-1.52930786940999,-1.63443060804643,-1.44287586403615,0.649867446615494,-2.6586110832334,-0.731505969793273,-1.47657692226825,-0.602503075157539
"POU2F1",-5.55207904890336,1.56957057675057,3.8912594392405,2.01871220250859,0.284553352512527,3.02604976147409,-0.0439835210131575,2.02687474484514,1.12669053250547
"POU3F2",-4.95636016734679,0.869519532143419,3.41743294572426,2.6377825485954,0.510364419744977,2.89333496121799,-0.264195380661031,2.5603236383581,0.965289735537154
"POU6F2",0.1006061187204,0.531594414167835,-1.74491268104295,1.94237678768595,-0.0260762739116123,0.957883426901546,-1.49073705447318,1.78611699184897,0.441366065624306
"PROX1",1.15766455591939,0.0213145051573391,0.25270349684614,-1.45817234303005,-1.21766039436675,-0.826135412642264,0.920427622081066,-1.48066495317808,-0.874895225914211
"RFX2",-1.75929802540664,0.983786091647608,2.35981654423789,-0.186006972085977,-0.79679912047513,0.789784115477497,0.942488728486441,-0.138087074737937,-0.0162529659905449
"SMAD3",-1.46235220240776,0.0427587049635464,0.0804556744774722,0.226743354768547,1.23479862524144,-0.492372405762119,-0.844203457771436,0.370727740346295,0.755067561277744
"TGIF2",1.54337810865069,-0.383112559348496,-2.45790272230882,-0.380631654690654,0.9653860471869,-2.10242781776684,-1.49244081598907,-0.299078847774002,0.372676500236255
"RFX5",-1.62661307202064,0.624351997073338,1.59828910189935,-0.215771476299105,0.00556757792869964,0.159946418238878,0.262486642787053,-0.100310786411107,0.296861055088378
"RUNX2",0.796648830826612,-0.165641301588175,-0.710676545217226,-0.404329834343688,-1.25118665047052,-0.997347443174665,-0.257525774675753,-0.624315213193151,-0.896316196892049
"MGA",-1.72645411193636,0.356448162153887,1.10916112559179,-1.02455258476662,1.02338495960497,-0.971999918757253,-0.0509608375945821,-0.679623124676956,0.725415847555154
"TBR1",0.399122398160351,-0.97321535670098,0.105605160866893,-1.17720611821167,-0.102549780544938,-1.17712909379784,0.373530074446932,-1.17769725863744,-0.658180842538463
"TBX15",-1.68592713206154,0.22281994738727,1.29365124189535,-1.0083743116037,0.974067253929575,-0.848668110421067,0.030685167389548,-0.754193068536611,0.622018215076462
"TBX19",-0.151923668986032,-0.223038382448003,0.394498566186125,1.03591279042582,-0.165472741361552,1.58381944821074,0.309618792240903,0.869290141057245,-0.11168125959267
"TBX4",0.556085580967387,-1.3933308365745,0.437570733138501,-1.97371100565321,0.0687600411705595,-1.99096196801341,0.765409346421638,-1.94169843710752,-0.87246757541337
"TBX5",0.387268242097403,-1.14405811275816,0.307230501307602,-2.03038028130868,0.349146858641947,-1.95936692827592,0.532426078076936,-1.92940158674925,-0.589311987441345
"TEAD3",0.228698266004528,-0.579836805873373,0.639417506754727,-0.956043494438268,-0.870217326454307,-0.589023789916498,0.728849625768984,-1.08062475219303,-0.928595035092571
"TFAP2A",-1.39192014134015,2.77971363393443,-3.32268910742127,0.888936343677903,3.337525110041,-3.42500431956741,-4.00055345733376,1.59371695788403,3.35437636086213
"BHLHE40",-1.03578113315641,2.30689192667877,-3.03515191528086,2.74212232067868,1.83366074172159,-0.208779633187817,-3.41328340125338,2.94965002158429,2.48335862491089
"CLOCK",-1.28472768668786,1.00913757563013,1.09323927569993,-0.990187151128742,0.243189367824019,-0.888417556794343,0.166965719517385,-0.693998957142313,0.534753975715649
"FIGLA",0.134095523454386,-2.20555776903152,0.282251297879305,-1.54259979676524,0.568509562826797,-1.67466074615667,0.319472726155193,-1.59823324944969,-0.854310298337084
"HES7",-0.35291540045403,1.5065494146202,-1.9746559669778,1.84569403833673,0.659836223010491,-0.0812478353983093,-2.2659311474932,1.8949818309657,1.34562076204169
"HEY1",-2.03687393195339,1.41537674925238,0.512200464281642,0.360393266717865,1.08374275811682,-0.254595962538475,-1.0230161836321,0.660082101852047,1.40506248121141
"MAX",0.00261361649729706,1.0455059904277,-0.4560357869187,0.209788830063268,-0.631799147452086,-0.227861977326514,-0.426334631404615,0.215860837334334,0.180370111513386
"MNT",-0.18160076839821,1.46957795663748,-0.929780224282892,0.391736104152002,-0.19966421786578,-0.686001723578527,-1.06981912783579,0.468364330841335,0.639805754615766
"OLIG1",1.99627178932638,-2.22118457667718,-0.890084318072842,-0.768384959139685,-1.05503709385624,-0.89748395628997,0.503787403974265,-1.2458159175707,-1.81192014374513
"ATF7",-0.678639746313014,0.96558355639956,1.10093469006741,-0.302430894622862,-1.3562619144456,0.345706505155659,0.768806432823765,-0.3458701758325,-0.376394944016079
"CEBPG",-0.616793143774377,-1.36805791606496,2.61128501189208,-0.8445461358854,-1.66974866264317,0.736941422686717,1.96059027498161,-1.20280011197807,-1.7641759750828
"CREB3L1",-1.2221985073,1.1817404646196,-1.17754354305299,0.896406187016251,1.37779152907262,-0.702735674319273,-1.97993502503221,1.12229296843763,1.5100945242671
"Creb5",0.215187393006455,-0.615453275345682,0.446010538002898,0.0296113692557019,-1.61022222519903,0.284692109693848,0.58893967988965,-0.274823423750329,-1.28270452694962
"Mafb",3.59238189259021,-5.85429221895382,1.10425242376076,-1.94931715531748,-4.63446741121355,-0.151790150288251,3.82750081730878,-2.93419685275855,-5.96649928445735
"NFE2",1.11503139850888,-5.9057276158992,5.84116922090528,-5.10327452671278,-3.77677517409674,-0.764747848039158,6.16804229316155,-5.59355076319757,-5.56596850010674
"TEF",0.931957552525993,-2.11237406013151,0.273661199402561,0.161905798493911,-1.60385702439196,0.555894125330938,0.950555033229887,-0.320141130714929,-2.02088583248149
"XBP1",-1.80532512473434,-0.151657308716613,1.68565461010481,-0.392852068064147,0.0147406001241208,0.288869078286086,0.631370356467237,-0.34458147996227,-0.100223685188011
"FOXO4",0.333166263280255,-2.68933097235604,3.03871500652006,-2.52835316387574,-3.84954374352322,-0.529706050303248,3.1814582705992,-3.25597644218334,-3.93101686659976
"FOXO6",0.11573236029634,-2.22368742348125,2.83250903938371,-1.88466127542473,-4.03717657986298,-0.572001436656912,2.80431962889188,-2.47121602275755,-3.65254641986966
"FOXP3",0.0165529227787083,-2.19599338268154,2.76616978404335,-1.85203489750678,-3.82337548886539,-0.219984751467803,2.81769012621167,-2.55999312329995,-3.68470885581516
"Foxj3",0.0116123746126015,0.290200641697411,1.06986700846451,-0.147827893971614,-3.68581971886531,0.539783695983349,1.08630978443545,-0.602756042779263,-2.11476471675127
"Alx4",-1.29702672365718,1.00106431557627,-1.18697436484678,1.41713846978482,1.22296954972549,-0.222829966557633,-2.06824067662469,1.54008650586361,1.41280212041353
"RXRB",1.30695728280421,0.0699930420906348,-1.58869019505385,-0.802321658293343,-0.35043357360651,-1.79653370957916,-0.534282212348038,-0.786028353492168,-0.254571746029261
"RXRG",1.28924702630827,-0.591814119519768,-1.07064563840086,-1.07063940072028,-0.66187202649948,-1.79763921682412,-0.256062739125377,-1.16657937946251,-0.790195395718053
"Rarb",4.5573961044985,-1.45351664293254,-4.74014406131571,-1.66006422980235,-0.699369889951443,-3.96958033557552,-1.24737045825288,-1.87576763747198,-1.33825175930751
"Rarg",1.56967164944376,-2.39917689509803,-1.8780452429506,-2.37082624601736,1.06485070303336,-4.29725240234499,-1.00559283311343,-2.31783762775791,-0.947221024060015
"TP63",1.24068629484837,-1.73580438263003,-1.12075145240629,0.637521784096672,-1.18995002692454,-0.0233866131403306,-0.17090185894818,0.132908742238059,-1.52242673400282
"TP53",-1.52827356587474,3.05888882526549,-1.8041621470048,2.24605096131277,1.53644925806236,0.411386526158621,-2.5507632689273,2.59481781801103,2.62558071709783
"TP73",0.109884991455928,0.303705475696373,-0.211948272745121,1.39839067677707,-1.29533094800239,1.63822042426035,-0.0705450800241963,1.12478678053355,-0.444951656407541
"GMEB2",0.113516031870741,-0.686129257595637,0.476155735996068,0.575461418216112,-0.751335191234985,1.10022211308924,0.566846228578791,0.327155488765689,-0.75003119967467
"MTF1",0.876322670581706,0.126022941726597,-1.81355981122857,-0.304875396109775,0.739293705774856,-1.64959085452862,-1.26803991981909,-0.202713902889215,0.476194572940354
"Sox11",1.05785478795812,-0.878602538156541,-1.21990106976361,-1.26572378790768,0.454760602122436,-2.13233958595853,-0.447743160817182,-1.16895161575116,-0.234656962087488
"Sox1",-1.37332506558727,0.0357414599732496,-0.0864144667015095,-2.18978393318517,3.1901999453207,-3.41355334364156,-1.0933100786915,-1.45328406741986,1.64846859500774
"ELK1",-1.61469614945033,0.815269213549815,0.715796794335004,0.835102202797188,-0.391786570186078,0.729623300122861,-0.264337052728281,0.79136125375433,0.236042280121642
"Arx",-0.404586437099967,-0.915180937843662,0.592753291181347,-1.63959789978236,0.475971004830219,-1.598625486987,0.262567005272702,-1.54485554954997,-0.327050618324915
"Dlx1",-3.02746433803918,3.45435260507192,-1.97375988775741,4.53138600437843,1.4836024525643,1.75350214020115,-4.51689847812002,4.81158030870749,3.22029968483967
"DLX6",0.456311197101988,-0.00843117808932551,-1.16608444887386,0.508532671592381,-1.11672254381926,-0.522603604552014,-0.812713677936822,0.266922348665618,-0.585681514590017
"Dlx2",0.0327322775712461,-1.91948756007893,1.10700765359773,-0.56126967861343,-0.197683749451043,0.215301064106936,1.08771302656155,-0.763324538630476,-1.14008088325593
"GBX1",0.170463533561018,-0.635195334411293,-2.34328486556679,0.396056719662089,1.22354882067824,-1.84371272931545,-2.29103428100169,0.401914528301996,0.456132312624666
"HMBOX1",-0.860773083798881,-0.777109470226687,-0.181945299460442,1.66177328261525,-0.491600372606829,1.11040384024493,-0.677054888837817,1.3506673947197,-0.504589283791995
"FOXK1",1.5589708039984,-2.80742513867062,1.83544723323659,-3.09246440013878,-3.85957846279224,-1.86183659074593,2.94368636049275,-3.63092984592397,-4.28874620784403
"GATA2",-0.399806116372153,-2.38495183954066,2.03665080926533,-1.61187586012272,-0.662177540657825,-0.55753318574736,1.71285571783816,-1.90311919692605,-1.7508513175306
"HIF1A",-1.18330907961627,2.08798766835216,-0.713817739070104,0.391541566619041,1.37459557673506,-0.706499980484052,-1.41093790586477,0.767847364831182,1.87663703343808
"MYC",-1.42306842223947,1.42170054970192,-0.255634374615861,0.32645936810169,0.866370914022561,-0.760822415366762,-1.1747459964818,0.603243667063466,1.20681047490061
"MYB",1.04861933761496,-1.74605057494425,-0.214231579236641,-1.59909285607888,0.102188331411411,-1.61649770130556,0.549026653060724,-1.6564497962804,-1.0363381267126
"MYCN",-1.80499194987108,1.36330984221113,-0.367654259161849,0.986384203741949,1.50050107258359,-0.201330396859336,-1.78264974724961,1.24608692067353,1.74592068422415
"NFIC",-2.12454243545122,2.92122990585259,-4.6959932923197,2.37972955644452,3.56518107012838,-2.31711668766765,-5.63805800614932,2.84871423901951,3.7614568846298
"NFYA",-1.74291514562929,1.65607740731654,0.726814202940262,0.700922517587752,-0.476906178257172,0.511312184277717,-0.432646430247008,0.767809354001301,0.644711314695632
"NR1H4",0.810628483259326,-0.296984040668641,-1.1609430168571,-1.18261793062876,0.303463464395912,-2.02520485267868,-0.640527183100065,-1.0910195858904,-0.0986162106983723
"NR2F2",4.65914272813949,-2.37993742132881,-3.44652247401428,-3.1138033703468,0.494988356886602,-4.64334252856512,-0.459000845085276,-3.13029145768729,-1.2596507246438
"PAX5",-0.199262412498098,1.18797531579284,-2.70692107038906,0.638178023087344,1.7280817326106,-2.10635266116189,-2.97017280113412,0.891118897102087,1.75539366222838
"PBX3",-0.0877113461433477,0.0785428069410129,-1.44388069940034,-0.129369092163727,0.723145998599506,-1.8386345188575,-1.4374401914069,-0.0301372504944259,0.448740622184803
"POU5F1",-4.33966687389383,0.715818670076376,4.3398033693438,-0.727289754937813,1.11698008887656,0.759136670772194,1.10576036311307,-0.350450038581041,0.931892747182954
"RBPJ",0.377098116853033,0.0604238966114251,-1.03564898782804,1.84005692124051,-1.13609192398103,0.84641900911776,-0.72071464631595,1.41535334115852,-0.570747697015703
"RELB",-0.874075475882656,-0.369371551468842,1.38851804271161,-1.02267797116541,-0.18943831707287,-0.360140479555579,0.744183366847868,-0.98247878451554,-0.380842755061434
"SOX10",-4.20252199959799,2.19853085220957,-1.10229952787774,2.3318849745341,3.73036851205117,-0.486750715685183,-3.96008987571536,2.80042602141416,3.38323482183074
"SOX13",-3.99419235954347,2.64886952115361,-0.947523952926732,2.23070551326378,3.07267128935597,-0.321325271543542,-3.77400995779786,2.76373779556935,3.57039607539526
"TEAD2",0.43321937409032,-0.189490620990921,-1.04736913635709,0.179479733420579,-0.212243508085085,-0.821046195915434,-0.767083074100849,0.0799379892577158,-0.202325824838813
"TFDP1",-1.65382427392266,1.96332662226415,-1.14898070228637,2.73790948706777,0.142795995099511,0.883108330782306,-2.33178442131762,2.59949162099458,1.29475925026061
"ZBTB7A",-1.72188656343677,0.53418417619051,0.195961644307654,0.270074800298033,0.336539305116162,-0.674165891434685,-0.954509077210134,0.339903043842911,0.504203438087151
"ZEB1",-3.06300627999875,2.33179798443245,-1.24309523402826,0.862512501720607,3.02669594744853,-1.67169557287913,-3.23550891363499,1.44540932526448,3.07160539140889
"ZNF24",-2.06372575219487,2.01030004801846,0.888270789040377,1.3187027890539,0.0746537079704705,1.27277292946378,-0.590206275739208,1.47510743401578,1.2119922594735
"ZNF384",-0.148109320084665,-4.19827376261611,6.07934735384867,-2.90577399744194,-4.67954012533067,1.26030537778335,6.13166703171765,-3.86283164740569,-5.50938395060307
"ZNF282",-1.44329735599058,0.780087151835998,0.399570061787618,0.636204986078635,0.338075204072269,0.263203881750848,-0.634284743562989,0.711051895506484,0.659674964679636
"ZSCAN4",-0.752412396607351,-0.264016956049117,1.46415838387386,-0.864379824772801,-0.461898734444404,0.00995739541772593,0.91794318288264,-0.865681397567989,-0.501175430940044
"RORB",5.69343043252576,-3.20646121084052,-3.00961957727973,-1.17755241656947,-3.22359282003129,-1.99983045634258,0.755303238320853,-1.96390729853351,-3.48035826130486
"RORC",6.29393062412698,-3.90942457304421,-5.11454583414845,-0.938815240855558,-3.0758450272426,-2.98297484143054,-0.628711142980085,-2.07060820245884,-3.93156054913479
"SOX15",-3.90533819723268,1.91513908514713,-0.257728767790037,1.51358333829354,3.0783680357963,-0.662494353572851,-2.87934095666356,2.03290717640452,2.94890405041652
"TFE3",0.252958034033327,0.119812014709534,-2.94841771087438,1.7459869569945,0.648867770508182,-0.687213258915538,-2.70321580786269,1.63843924211581,0.634999349756588
"VDR",1.86876973784355,-0.99796566732491,-0.60254112500642,-0.975353746295119,-0.799457241049138,-0.618535412660431,0.87950507369194,-1.08642146549429,-1.0541018622718
"Smad4",-0.117771056648572,-1.3920324089153,1.82195471427643,-1.98302579617197,-0.880502233287512,-1.14907357781577,1.39252908074564,-2.03551503723101,-1.34953656784187
"IRF3",0.630264568455344,-0.796608361275783,-0.0740283787185079,0.0476630988498308,-1.70621133277343,-0.00206968224314658,0.400298623832358,-0.325771541107714,-1.43679994138652
"IRF5",0.728533262209969,0.371052925739676,-1.42078382238839,1.46492291157798,-0.983802839524036,0.405646992902186,-0.958392538570163,1.15115549102298,-0.278280621189218
"TCF7L1",2.06274988669416,-0.883084788962983,-0.941573841713002,-1.51875796682931,-1.88374123903025,-1.69769315837643,0.542662637858596,-1.80951981263829,-1.7074980560386
"ARGFX",-0.0291618456326508,-0.0331030908664093,-0.174496878476755,-0.163442353924678,-0.709953879684911,-0.592055831269626,-0.208434322223372,-0.271325358336115,-0.450909033862954
"ARNT2",-1.52007432893275,1.90727067804958,-1.48078793185771,1.43453595807622,1.7340904789498,-0.682686771558269,-2.52449490789327,1.739382915906,2.10229790607211
"ATF6",-0.566838182789119,-0.0758111754580615,1.19995597796348,-0.70198044188202,-0.913544559070132,-0.271074316482778,0.657461657498223,-0.752897643973004,-0.650145631789552
"ATOH7",0.596403850786191,-1.48452366578127,0.984058914673271,-1.65760414428705,0.182825960169716,-0.701484563649121,1.32543056828347,-1.61881138823553,-0.802063244172932
"BACH2",0.424460010290056,-5.15647861965189,5.48462231338305,-5.90810952876883,-2.02494182284089,-1.12405876102897,5.66659918824468,-6.62941473571982,-4.29529974059327
"BARX2",-2.79786289135782,0.836707947876764,1.41854094498864,2.04986020856891,-0.72504471903133,2.09255716139648,-0.519312552521351,1.8704935432933,0.226809134871957
"BHLHA15",-0.457080361696287,-4.40858304498369,3.89680026971843,-6.0082315219035,0.884750491698111,-5.05895216071838,3.20295375033685,-5.87990925270013,-2.44545287653448
"CREB3L4",-1.58854146139546,0.943660308430588,0.801546669365954,-0.0309179444498482,-0.373261837999429,-0.314177389828972,-0.332622908526095,0.0225620379129706,0.261559805946404
"DLX5",0.927532355729944,-2.39069442140469,-0.594492582582365,-1.33786141292484,0.329669661654592,-2.26767821151292,-0.0305479993505548,-1.46326332581528,-1.1038184099783
"DPRX",0.819076978723022,-0.100898998032053,-0.469169407012178,-1.55112299529308,0.778451184931912,-1.75237704536565,0.0667887677011722,-1.27509046571021,0.24349024087735
"ELF2",-0.752062774453813,-0.32858615872553,0.33666785297452,-0.268227678516,0.149847260978092,-0.512134423178634,-0.152827718392061,-0.271606654726076,-0.0952520530202305
"ETS2",-1.10867303632271,-0.311324901732311,0.623410777856422,0.737885031686468,-0.695818807205482,0.318610360097942,-0.252679892801897,0.478196408543194,-0.505729760834173
"FOXN3",-1.16503536593142,-0.842132596502198,3.16527869014447,-1.39142295037627,-0.813759840757472,0.274690134692558,2.09521909408838,-1.39580048489348,-1.03643375734353
"GLI3",-3.13440003236123,2.32727058888913,0.149952033581872,0.96277205312591,1.91300792015214,-0.441402555242625,-2.17820290501854,1.47740492133992,2.47472043087122
"IKZF1",2.46523134697207,-4.44190941965283,2.13316415792625,-3.26816328912322,-3.22679973126855,-0.749396507313961,3.63726425778521,-4.19627300138849,-4.54837875087615
"IRF6",-1.22772550483097,0.152864446852964,-0.322806481045493,1.77894893807227,0.124891280304439,0.866341524803026,-1.00517367663283,1.55947861172263,0.293429739662951
"KLF11",-2.99516987384884,2.97830662778432,-0.0750273509451341,3.59015727561032,-0.0694322570192977,2.15213693444685,-2.18179856716673,3.55081440214206,1.96373465689708
"KLF15",-3.37542017644277,3.1489644004897,-0.472854938472517,1.73010189799284,1.73197555592309,-0.210604601706042,-2.86886615342782,2.22569781079346,2.99946042494721
"KLF3",-3.47311348550268,2.60595926902188,-0.1915461468385,2.41891522085135,1.27167646022579,0.727713848128042,-2.55329209059713,2.71156838158798,2.42092419108223
"KLF6",-3.59171323441374,2.76561740560645,0.354964613470932,3.40521037204403,0.775283469466134,2.1072665471208,-2.10361716840828,3.51348181250034,2.18497339208395
"MAF",3.22575061390518,-4.23198818756993,0.405278232782263,-3.4546453695175,-1.3178361898728,-2.28707441953795,2.65389773780641,-3.73290764752648,-3.17039966196284
"MAZ",-3.61585927152901,2.70863433424083,-0.664566001106561,1.91533867888646,1.97422872066881,-0.617331355990127,-3.05151807168222,2.3156988739432,2.69563629697043
"NR1D1",0.058858020131045,0.534894195548501,-2.75536674569794,-0.68521566005296,2.41526795960124,-3.7078817970941,-3.05666331199459,-0.32017661352437,1.5602917656462
"NR1D2",0.79067572265825,-0.36713791353663,-1.37519715026197,-0.849334536170249,0.541137661782165,-2.13761374908939,-0.868676575673918,-0.769241995732751,0.0492904303983438
"NR1I2",0.423758475863039,1.1489176934503,-2.20135968675794,0.144609350535328,0.703002736099404,-1.63659670947455,-1.97166794052685,0.334898098226754,1.05338560017016
"NR1I3",0.303856690427878,-0.125698091932129,-0.554818276313566,0.036551266936628,-0.60329889132133,-0.590046976903383,-0.368983341866525,-0.103751702791068,-0.440517913990055
"NR2C1",0.601641772825599,0.118333234796728,-2.47004799113993,0.16865592396162,0.763390443355268,-2.15927024914894,-2.13228292101814,0.214297061084939,0.547261839426802
"NR2F6",1.43817125480291,-1.82801573396995,-0.577124553489119,-2.08357067244101,0.189643454333405,-2.44854838271816,0.247897963727229,-2.11091807466673,-1.03670579145007
"NR6A1",2.32963873279588,-1.16643148295605,-2.59564251985813,-0.961441751516426,-0.397687340967387,-2.26357620221926,-0.904459916575576,-1.13324725866036,-0.951036150431015
"OVOL1",0.932390963176015,-1.29176670276089,0.206017846658978,-0.320435152736924,-1.593042733794,0.035555328394942,0.868956573171946,-0.721858078082176,-1.71849263428689
"OVOL2",1.15158114678108,-2.16314709705774,0.240463296771089,-0.936295761622389,-1.59769033113761,-0.593840620356441,1.00296294419652,-1.34075338822561,-2.18357575139907
"PLAGL2",-1.0859856744888,3.00274479177647,-2.08337339558739,0.851810982576126,1.88728779599517,-1.46373228298863,-2.89399989600291,1.48350263217245,2.83892492743159
"PPARD",0.535999324840679,0.564142756383315,-1.53440086314027,-0.401126785886422,0.295743111159655,-1.85831390404841,-1.29411406971042,-0.267727218880924,0.43159582540721
"RARB",0.727553836264233,0.415095822235647,-0.945601812587044,-0.279849019004309,0.335912551089326,-0.729541776196533,-0.393224499375089,-0.158959042890913,0.376327157650725
"RARG",0.735758414427211,-0.408653170184192,-0.439991068182875,0.119111072912032,0.122196145870168,0.165374827897144,0.0782741986596149,0.0748507781931652,-0.137623618210686
"RFX7",0.659317516966421,-0.233740495209424,-0.584724805710752,0.209748045525615,-0.845493467343354,-0.151693205211443,-0.121616520537218,-0.00152409439767932,-0.616947608655001
"SMAD5",-1.15441450692801,-0.627159846079139,0.312924629512883,0.0783809798171262,0.921116706571603,-0.34015229604792,-0.484897313925129,0.134150898223832,0.307559581221301
"SNAI3",-1.70750923812709,0.976199205141062,-1.18817686933656,-0.747325580122025,2.69565541663216,-2.79647775204637,-2.40028075202768,-0.181823038499949,2.04372688161498
"SOHLH2",-0.727482954445709,1.98336991617531,-2.06888583327193,0.643078479679725,2.5189548107229,-1.44901513189449,-2.64741234947905,1.1665881637994,2.75816602078199
"TBX6",-1.26193447202649,0.333929769895168,0.691202516219778,-0.692315269267489,0.705866658278893,-0.916413374569097,-0.22837654606676,-0.45711280989109,0.526285121496975
"TFAP2E",-0.7311535194873,1.98823964728418,-1.95978246764258,1.15859659728301,0.945832019297294,-1.03343594519055,-2.5356392561079,1.40462729703323,1.631493643717
"THAP11",1.44429132137336,-1.75809527175041,-1.39362121994611,-0.0970367562615513,-0.671307592900785,-0.875077080221659,-0.273022239068433,-0.492403160268219,-1.29958659699444
"THRB",0.577916275625196,0.875805427318861,-2.53941102561817,-0.653436716748926,0.605012806229252,-2.75308503227661,-1.78459480698788,-0.414799589295562,0.748733474827565
"VEZF1",-3.53612523373651,3.24552696063678,-0.906087558272288,2.58760301975716,2.02167482648849,0.379154496824603,-3.29323443233999,2.92637609121417,3.13054871256797
"ZBTB26",2.08859060955409,-2.84509866564159,-0.607108878183715,0.176591556205571,-2.45645888029788,0.119947562054337,0.740088321847436,-0.640334554687003,-2.840313899763
"ZBTB32",0.784040713778615,-3.15806271850722,3.99220874742057,-2.80018865322224,-3.88777809593277,0.888256629004778,4.71378083102742,-3.44212643851541,-4.16079518890523
"ZBTB6",0.137311527389199,-1.62154898052457,-1.02899170802659,0.385673858565728,0.0755847389537505,-0.911628701630792,-0.961211402333772,0.0844448471498284,-0.696876469889585
"ZFP57",-1.28989404230846,1.25243671220527,-0.770571099788968,0.603634687898371,1.56959347316124,-0.407135550659748,-1.57313013910093,0.905467620558906,1.76368913753698
"ZKSCAN1",0.0879585842791214,-0.223277424024416,0.564267420914371,-0.442217921179213,-0.862942970431107,0.0483374671839965,0.666977398382674,-0.571796064097409,-0.695438560498569
"ZNF135",0.793765520503413,0.751858655629466,-2.27166218808896,-0.0535658964289183,0.23140942596923,-2.30721333917611,-1.87831847021338,0.0199375046115125,0.511139083506195
"ZNF140",-1.04274939903274,-0.960296962187442,0.222345305710442,0.710359415624737,-0.1065638932641,0.121445865971696,-0.584198973294316,0.508927190728563,-0.492731812679859
"ZNF274",0.100513927697947,-0.13715805166663,0.457626185792562,-1.78192955747592,0.5349371876531,-1.35715900402419,0.482015254086925,-1.52439775195747,0.104193335614564
"ZNF317",2.15610423164919,-1.80690664347005,-1.3012470403709,-1.84124518407934,-1.04344370429452,-2.86311963852472,0.139971365118538,-2.01004546930092,-1.64571672224071
"ZNF382",-1.40563258977907,-1.15574332579097,1.34704611511441,0.194095732901878,0.0136604377599205,0.353421468188456,0.288222167581834,0.012767602647109,-0.584461135737876
"ZNF460",-1.27644015644051,1.70158715630546,-2.57994668320873,2.18827393132972,0.308114707094639,-0.321824326397526,-3.13888230591739,2.16662612597177,1.27879077854994
"ZNF684",2.46489956611257,-0.893650297335724,-2.79008478179771,-0.820804212196167,-0.442860403357299,-2.40875131756059,-1.00551996190354,-0.968595722934523,-0.782991250040198
"ZNF75D",-0.336741815646702,-0.105929563588263,-0.534004402041976,0.692914046465197,-0.700036074637086,-0.296979661890978,-0.759759365660899,0.437855922081553,-0.40320667789179
"ZSCAN29",-0.263858684980447,0.208641365102365,0.0989269231445467,-0.121204035569469,-0.0634494485919401,-0.222284815390442,-0.0858579237189702,-0.0997229961984442,0.060941424703159
"Dmrt1",-0.817888799127751,-1.56177224830562,2.95696947503122,-0.941153472218321,-1.29690363070857,0.765965204493381,2.26973429996111,-1.19696417043651,-1.6289935070419
"Ebf2",-0.129851988292605,-1.29216559790067,-0.199490868509709,-0.288741262070413,0.32455373292874,-0.961139808432685,-0.37728247230233,-0.405104284186012,-0.576620627470771
"Plagl1",-1.95251720059652,3.53498688841623,-2.93344367930121,2.66730757305071,2.32832143938256,-0.698078602079904,-4.30942040021492,3.16015496901767,3.55239302018977
"Prdm15",-0.808108593793664,-0.96762568246394,0.465869860680994,1.1719777775846,-1.52075118848927,0.786762768661422,0.0193006912430635,0.6541961796801,-1.31912432555563
"Rbpjl",0.881585690324575,-1.42500089177304,-1.46197936716635,-1.20691319437907,0.71027724298283,-2.8310562435102,-0.90101706155384,-1.19825657780158,-0.405211038289499
"Stat2",0.667731575220929,-2.63540468774363,0.92655605130127,-0.235385600141818,-2.58767107953141,0.278733143378053,1.4125867575891,-0.864327772839908,-2.94630568539005
"Stat5a",0.336512006066773,-1.39831148051492,0.740674311059133,0.303587244316024,-2.71193576785361,0.592576329562919,0.985947979461495,-0.355804626600365,-2.38223027713044
"Stat5b",0.313504521342864,-1.55787693812017,0.15386926454898,-0.488577631420424,-0.975896249044089,-0.668319921514794,0.308011141081358,-0.819798062041183,-1.43037010149463
"Wt1",-2.85575891966465,2.30167760358127,-0.648537349630927,2.68091428250587,-0.271819607309084,0.863741808322206,-2.32100650291499,2.65822164264477,1.33401970140816
"Znf281",-2.51146421594017,2.36414811410217,-0.263098393591701,1.78287206949293,0.747383009234509,0.350011895761602,-2.0865546056401,1.96092506779929,1.75817266078282
"ASCL1",-1.41419507053001,-1.81722626254099,-1.51114902658006,-5.34369356694532,5.72523021285794,-9.04161771416134,-2.60022034231362,-4.19145757659099,2.01960756868316
"BCL6",-1.05166154404807,-1.76780716076676,2.23004756396997,-0.843704638692023,-0.587109396355749,0.00811135632440123,1.41365717826159,-1.07294217512889,-1.37441285813195
"CDX1",1.98789535829295,-3.2251581367444,1.13585047887826,-1.44910320246897,-2.23078029366977,-0.307123611555067,2.13463314130817,-1.9891152803976,-3.1168061489385
"E2F2",-1.08307697262624,-0.0287936660815929,-0.787294694089147,1.26122768621776,0.717554747389317,-0.314027447716911,-1.5269524418807,1.18799056855209,0.540702969853599
"E2F3",-0.259637424736416,-0.0443122587546347,-0.951325942093373,0.51201307784369,0.743396403417306,-0.594874593798872,-1.23164271806521,0.538162370763543,0.489843926980628
"E2F4",-0.844344174579755,0.130826353899801,-1.2341333057785,-0.000101150187565233,1.7634147591885,-1.55845733323072,-1.77054188041493,0.252435760998566,1.13499027797077
"EMX1",-0.424857570129805,0.609112916154001,-0.333093217383118,2.12450297680395,-1.16660539381503,1.60470518219142,-0.587358351320249,1.76400122642923,-0.207651480273894
"GLI2",-3.02373635094327,2.30390791133536,-0.0854057865827289,1.57429583775121,1.89948713817954,-0.150570219875447,-2.3821009073661,1.96448022685602,2.39825556699006
"LMX1A",-0.497320354027964,0.483774771836332,-0.99580010096369,1.30158767867504,-0.315349702716836,0.054007289853707,-1.26262291002521,1.13876649973061,0.162830468411335
"LMX1B",-0.724402283996867,1.0754195911626,-0.851492606463659,1.26744904932313,-0.439763310934511,0.061039965140951,-1.27787305376691,1.15441835373376,0.363579817633173
"SOX4",-6.18582633084016,4.40482505847959,-0.325023322567397,1.96555866336737,5.90633418393586,-1.29815396789742,-4.75290978612931,3.09940497906216,5.86434624034355
"SP1",-3.4001110937331,4.61740505113461,-2.19502588160403,4.22634149637294,2.48747069574117,0.797287368372009,-4.80371425462822,4.6876773969929,4.34503695644733
"SP2",-3.11121964112597,3.34361847633514,-0.808904807813777,3.12579514750033,0.786809620720016,0.995162104874638,-3.20747436452116,3.42165129308602,2.77954880993345
"SP3",-3.49282993119189,3.5727947072621,-1.2483043473818,3.27356561763066,1.5941993220657,0.623286399474778,-3.71915575957355,3.52095809841749,3.06810213902503
"TCFL5",-2.65802809629806,2.61038565256846,-0.628118218057637,2.38250990324296,1.1824596233349,0.499824739357628,-2.4345062052506,2.59972994392172,2.21499022700204
"TFEC",-0.591154178027878,0.246422314428743,-1.30789845852602,0.949311764010697,0.798552207002312,-0.679781887349001,-1.88727970750225,0.930882191151743,0.654925700477013
"ZNF740",-3.53373659480723,3.24439356172737,-0.638286934199907,3.02118244594253,1.49862747171665,0.705422146002021,-3.56728851484099,3.31236634250724,2.95630706156746
"ATF2",0.10014147685672,-0.87156376855075,-0.528477022788187,-0.0146886459976199,-0.555724199541065,-0.982304256539271,-0.483505635606956,-0.256547223346613,-0.78497325644864
"BACH1",2.21932494676615,-4.969370292882,5.31667416999683,-6.25244856903351,-3.02122058437915,-2.16351223963496,6.45300112053298,-6.51561255161709,-4.99163108593848
"EBF3",-0.600472343682884,-0.240178949856112,-0.437187654119514,-0.0686809979437736,0.898604447388796,-1.00920511490777,-0.949024581197829,0.0343034797736819,0.437549617790752
"NFIB",-1.51950617840822,2.88533336383333,-3.35483044121463,0.974196724622607,3.28781993858071,-2.98183825459667,-4.23489290897437,1.65148272414936,3.37256876344882
"NFYC",-0.744158954554332,1.05483366562662,0.807236108324505,1.07504693448246,-1.699022393043,1.45646893957202,0.253609767553141,0.852515045147071,-0.349422172291687
"PRDM4",0.636470298467643,-2.71340878817598,1.62258272429988,-0.198018265621361,-2.2820776374765,1.18707832781554,2.07492163746827,-0.820829073631593,-2.73996683552805
"ZBTB14",-3.25616085942848,3.24179688938683,-0.603928564362333,2.24938460750017,1.97667271738453,0.427953613754309,-2.78399943781987,2.63800248567854,3.00069816216049
"ZFP42",1.41370081343306,-2.03973223079059,0.189851249490037,-0.451397294286882,-2.11161386155962,0.171929284260334,1.18614896251439,-1.04694429861129,-2.32149130036815
"ZKSCAN5",-1.65489861147827,0.742329367240605,0.0989083841949531,0.946050022108653,-0.894604776167557,0.0319906909830777,-0.995737090892398,0.788629524004145,-0.0499035778884961
"ZNF148",-3.27695104761355,3.25365275153853,-1.31641015555101,2.77505635524132,1.88443417572765,-0.404882442943343,-4.32967322985013,3.15089416951089,3.05707047550399
"ZNF16",0.611538043937011,0.263526734275903,-3.03709881586466,0.205444832217503,1.48356501039015,-2.32614990007725,-2.40653974031315,0.361403416574678,0.999968969316282
"ZNF341",-1.19431240387424,-1.19057248455228,2.32465929519212,-1.0698516918805,-1.06176810608971,0.220320047167287,1.44540124094779,-1.22498884909443,-1.30521202391937
"ZNF449",0.468836733001191,-0.319025083141973,-3.26710213020452,0.243193380709983,2.23748921674683,-2.7745256078287,-2.90031551963809,0.425038005537,1.14664935684798
"ZNF652",-1.14049170570544,-0.252367311638206,-0.448395583919651,0.457172583810281,0.827638162891729,-0.742843826539601,-1.2571320376363,0.467611140084729,0.416603881955838
"ATF4",-0.254166862139203,-1.52181854225423,1.27329224719643,0.213099481484188,-1.93778981189173,0.866313389033395,1.11821872144529,-0.313361380214493,-1.88425487372162
"CREB1",0.989273947334508,-1.25656350341744,0.235931748094508,-1.60597886324382,-1.20598581206092,-1.32274505284172,0.900228741428416,-1.78505391436188,-1.51062223226817
"CTCFL",-2.03842971414268,2.32141954992268,-1.97923553459007,1.97731127807117,1.66978817869553,-0.645891012913728,-3.16139719253921,2.17163480424247,2.30957675239821
"E2F6",-2.46904334066547,2.5110847393308,-0.830339393503152,1.79027376155221,0.666045785665771,-0.0981675389530377,-2.41746207305996,1.95574172032099,1.87933848069334
"EBF1",-0.0464918455469504,1.39084329117714,-2.73475650413691,0.788511686363773,1.49680199622937,-1.86113228546544,-2.79752447220917,0.996516493810663,1.66497306771538
"EGR1",-4.32910422453882,3.43173789989344,0.19388091791424,2.86410747695078,0.606257175985505,1.45063822054684,-2.28270343047715,3.06416097471766,2.45546773233894
"EHF",1.23884479112282,-3.33458347780562,0.788638275664778,-1.50016585840899,-1.5768796890855,-0.762314557652468,1.53306294863172,-2.00572465934084,-2.73889210224566
"ELF1",1.30106637351241,-2.87849439966699,0.465900405267926,-0.999069054190213,-2.11834012050531,-0.51479325422648,1.43953027637207,-1.63313221074765,-2.88968772599261
"ESRRA",7.8034788120051,-3.29726896280366,-4.41553358485016,-5.33336689861086,-1.20477473273315,-6.70565039491962,0.196503075095486,-5.32908282757265,-2.64972317737723
"ETV1",1.93882324754003,-4.02597565542662,1.38407201114681,-1.73968438813251,-3.02419440580033,-0.407383934836373,2.39060781960404,-2.49836509328684,-3.93571925252537
"ETV4",2.27517824904958,-3.19920839150409,0.713184230228252,-2.06696140654794,-2.65525345964744,-0.986897030101604,2.06137102249585,-2.6786480669369,-3.29919356982022
"ETV5",-0.00672122843347344,-1.17729317005495,0.565080569717103,-0.249512947285218,-0.427780127019867,-0.0153981525726284,0.511112941360886,-0.418937072804891,-0.863871798607139
"FOSL1",1.57410418920519,-7.21930436403864,8.60855858722595,-8.22638934611263,-4.50913989014052,-1.8469571582553,9.3815023939152,-8.61050218287954,-7.18183034299912
"FOXA1",-0.125512042566504,-2.12551802725623,3.2022924275186,-1.50265541217527,-3.69089051937429,0.0113671657428757,2.85986136335874,-2.12707977960536,-3.53506427299738
"FOXK2",-0.0332903167461516,-2.52766866580665,3.15124926956388,-1.7416536239797,-4.48250050299873,0.365183497579461,3.47745681636075,-2.54618581286456,-4.15966111883364
"FOXP1",-0.108535296770793,-2.86096759239922,3.92483345784468,-2.31105854219882,-4.06721104896331,-0.119556233493232,3.64096418665742,-2.98137802773973,-4.09136076929385
"GABPA",1.57098157834188,-4.13447870828403,0.663586787131699,-2.10603434430362,-2.08184929402455,-1.56268440044447,1.68642258882947,-2.73369047255973,-3.49685654269317
"GATA4",-0.518054822663127,-2.01345218661311,2.88087162118976,-1.86153604519872,-0.935056471336601,-0.112908554257597,2.3565164699814,-2.00773232829995,-1.81078502801148
"GATA6",0.623627021111669,-3.09100186564661,3.38098632780641,-3.2168090445799,-1.97710413088166,-0.921057845437211,3.85886717939826,-3.48134264507775,-3.18837067605897
"GRHL2",0.571315368790821,-0.948749339094507,-0.238376214070952,-0.78823276111055,0.0520373787330096,-1.11553076920554,0.180579050262247,-0.821663898883262,-0.561837156820169
"HLF",-1.1427634869967,-2.17258475302813,1.33548644810749,0.92082317067372,-0.704678121253797,1.03270850444224,0.396922911083512,0.459548978026746,-1.44623292950097
"HNF4G",2.57397798116448,0.353617588252526,-2.66321778747191,-1.15227759188448,-0.271530729005443,-2.8660898505833,-1.13553641665199,-1.06645188972525,-0.103533850354837
"KLF9",-3.19330633175229,3.68182709019663,-0.691830291305054,3.35811788516621,0.368481486630906,1.6202998358052,-3.0197383833783,3.42705928622941,2.48002822690211
"LHX2",-2.32628704263831,2.19701052220644,-1.2877142142348,0.604009872181241,2.95387000845587,-1.73291322625212,-2.81189372362818,1.20903198514163,2.78837635813425
"MAFF",4.01883943915053,-5.18774506527777,1.06626001623118,-2.35171858690302,-3.99573785445375,-0.228002981673252,3.46814115005183,-3.29317634735601,-5.15605201950978
"MAFG",3.83118735764615,-5.80969909682055,1.35095434641733,-3.17918669558067,-3.95821205682948,-0.937787350075332,4.00750416708771,-4.09275261509111,-5.55540724746639
"MAFK",3.91877803469686,-5.20938804245373,3.63903753411241,-6.26300857788804,-3.32899775990294,-2.16619863511854,5.95917761778946,-6.90021803666782,-5.36182375504239
"MEF2A",9.61898954312185,-7.11012223026677,-2.53408115111614,-4.90691038923968,-7.7024366362446,-4.192329999281,4.05139616293342,-6.48400509127029,-8.86001642077298
"MITF",1.22568442602513,0.913722536869789,-2.64943899638665,0.895036125511467,0.725505959814728,-0.933054013968828,-1.96794863805841,1.04936902055552,0.987302530317209
"MXI1",-1.28099629109253,-0.0085507057437183,0.623809849140175,-0.0146935154942646,-0.00297791559150326,-0.175709933198008,-0.130075001730003,-0.0201531549061393,-0.0083632220278476
"MYOG",1.05035925706978,-3.78393438545167,0.815692401989389,-6.6873629340361,1.64046608965719,-7.2470058981817,1.29615465981398,-6.2324197862558,-1.57512901629354
"NFE2L1",0.687231780708977,-4.27345731293044,4.29453775499209,-4.98386641000662,-2.49379266864776,-1.11253249775456,4.78511074133909,-5.17080670922571,-3.94247974481133
"NFIL3",-0.476641350501808,-2.70858196065548,1.76508585655949,0.29247458078871,-1.64096684552885,1.08728763895061,1.3042514860516,-0.327021645017665,-2.3130474433975
"NFYB",-1.9231924297029,2.45122162065379,-2.13964376028525,2.32814625627901,1.63317342504236,-0.437080908601149,-3.05537186069478,2.55155499797356,2.31955091572031
"ONECUT1",-0.410051445126294,-0.858703222452825,1.79816145458049,-0.38609784401341,-1.89095893212848,0.78679150127598,1.53191306412718,-0.746242874847954,-1.6563768589134
"PBX2",0.322894523111501,-0.751403302685145,0.714608103467648,0.92425164546965,-2.44979273221226,1.79390300138222,1.01074004201104,0.390870635829322,-1.7271640015444
"PKNOX1",0.540463962035146,-0.5501021597998,-0.284773771029357,-0.0126152425571507,-1.04163116138089,-0.207198169579784,0.140390517594588,-0.242518691436955,-0.950667505471994
"POU2F3",-5.67911564798011,0.276501787435878,5.67513133787918,-0.698017426521067,0.984841189993194,1.22684700561686,1.42142238980197,-0.389252761211826,0.696466407729067
"PRDM1",2.01099866795946,-2.3251577735973,-1.12563347574217,-1.80421241475384,-1.02375480078749,-2.73278335808173,0.165349810958023,-2.07625332414597,-1.9069042042374
"RFX1",-0.546182460269647,-0.287460560778253,0.138522052617148,0.422947905793043,-0.162838809078758,0.082534756019207,-0.259698021789673,0.283692308997145,-0.205625315278731
"RFX3",-0.927775103091939,-0.101628054670234,0.910777938183321,0.377235382088282,-0.577426326789423,0.64283957615852,0.231421521428815,0.245623902361678,-0.346882706225715
"RUNX3",-0.201402196544059,-1.85645386343292,1.55316798852423,-1.89209227839405,-0.0304177767877802,-0.959202234183982,1.23581831149547,-1.86770747757471,-1.10691292338107
"SCRT1",-0.579992328269451,-2.49523541695769,1.90397414236108,-0.783387849947162,-0.846650638515108,0.0147527341362205,1.41620914131927,-1.11405535579311,-1.89661982314883
"SNAI2",2.06162638162499,-1.25882047414231,-2.4026031182406,-0.780333020087732,-0.138161164039888,-2.12104047180848,-0.952639729590322,-0.95590039392405,-0.852534191307032
"SOX2",-4.36016402627897,2.74333578981195,-0.296107473841458,3.21240143403047,2.01279725013466,0.34765007507518,-3.3653127199618,3.65843837418479,2.94777924352395
"SPI1",0.355485443241726,-2.32318440811427,0.985140920015213,-0.367842020172049,-2.34553090696243,0.0140118542931102,1.12147549058036,-1.05192758403649,-2.6047155532259
"TCF3",-2.67383405562185,1.65098939662001,-1.17142909591038,0.294238290617551,3.63777454311645,-2.35910918497207,-2.82780278106626,0.871352524609265,3.01990572706701
"TCF4",-2.04144461248567,1.04114351842683,-1.8852160591149,0.522936274829011,3.17501615589488,-2.40040828042446,-3.2753517029174,1.03490755164409,2.46955968524143
"TCF7",1.92560417149124,-2.6617485074126,0.137167831356059,-2.145491520235,-0.877950517419853,-1.4695514887656,1.48031477959509,-2.43623442736391,-2.08488440103892
"TEAD1",-0.128765276073407,-0.047644474906335,-0.097145230601234,-0.736175149962696,0.0167884749021209,-1.2504153259439,-0.237006390586265,-0.686456483545926,-0.0892893772611272
"TEAD4",0.124543815867118,-0.971952211888216,0.67219566076314,-1.61710027455492,-0.909439845619157,-1.25320781408265,0.736708304956388,-1.73173267759239,-1.14230662421435
"USF1",1.09508365591305,0.0369115276003939,-2.87008693922938,2.06246628947769,0.252294741640652,-0.281196664244985,-2.28464477212936,1.84896046925406,0.354469121847336
"USF2",0.468717918112292,0.844354091386042,-3.50218171721918,2.01581622833373,0.910217951998294,-0.452652285458712,-2.81181324850977,1.9752178850185,1.16133295180812
"YY2",-1.04205386269701,0.983072192976661,-0.695776476920886,0.815835099284379,1.07018676793749,-0.283740054543155,-1.40100237030707,1.00441732215489,1.18563914551608
"ZNF263",-2.16850260058784,2.59957078516182,-1.29640316636892,1.26844094594777,0.96078399226246,-0.841222178169253,-2.81554108254957,1.61848496294429,2.01995487962998
"CREM",-0.534409883718213,0.512237724471899,0.360078937439085,-0.0998221549046392,-0.540178336432925,-0.251792202059912,-0.081309703836145,-0.109767672866573,-0.0730480117071722
